,author,content,title
0,حبيب الله غمخور,"


د اوسنيو چارواکو لپاره د منلو وړ نه دي . 

",د هيواد د فرهنګي او تاريخي اثارو څخه ملاتړ...
1,,"
",
2,,"
",
3,,"
",
4,,"
",
5,,"
",
6,,"
",
7,,"
",
8,,"
په کندهار کي د بېنوا فرهنګي ټولني مشر تېره اوونۍ په کندهار کي د وسله والو کسانو له خوا د کندهار ښار د شپږمي ناحيې مامويت  ورپسې د امنيې قومندانۍ او وروسته څارنوالۍ ته وغوښتل شو ، هلته  ورته وويل شول د کابل لويي څارنوالۍ په څو پرله پسې مکتوبونو کي د کندهار له چارواکو غوښتي دي چي محمديار دي ژر تر ژره ونيول شي او په کابل کي دي نوموړي څارنولۍ ته وسپارل شي  ، د محمديار نه غوښتنه وشوه چي يا به ضمانت ورکوي اويا به  په کندهار کي کوم بل کس دده ضمانت کوي تر څو محمديار په کابل کي ژر تر ژره ځان لويي څارنوالۍ ته وسپاري . په کندهار کي د احمدشابابا دعلمي او کلتوري ټولني  د هوډ مجلې چلوونکي ښاغلي ولسمل دا ضمانت وکړ او محمديار ځان په کابل کي لويي څارنوالۍ ته  وسپاره  او دوې پرله پسې ورځي ترې  پوښتني او ګروېږني وشوې  ، ددې  پېښي خبرونه دنړۍ په بېلابېلو نړيوالوراډيو ګانو او انټرنټ پاڼو کي خپور شو چي د خبر په اوريدو سره په  زيات شمېر ادبي ، کلتوري ، اوعلمي ټولنو او مرکزونو په دې اړه خپل غندنليکونه اواعلاميې خپري کړې او د محمديار نيونه اوکابل ته ليږل يې سخت وغندل . محمديار ته تر اوسه  کندهار ته د بيرته تګ  اجازه نه ده ورکول شوې  ، او که چيري کندهار ته ځي بايد د څارنوالۍ له خوا د خبر په ورکولو سره بيرته ځان په کابل کي لويې محکمي ته ورسوي . محمدياراوس په کابل لويي څارنوالۍ ته د ضمانت په ورکولو ازاد ګرځيدلای شي خو  تر اوسه د خپلي دوسيې د پايلو اوريدلو لپاره د انتظار شپې تيروي . د پېښي لامل د محمديار په لاس په کندهار کي د يوه سيمينار (( کندهار د تاريخ په اوږدو کي )) پر وخت د هغې پاڼي خپرول و کوم چي د انټر نټ له يوې پاڼي نه محمديار ته په هماغه ورځ په لاس ورغلې وه . په دې پاڼه کي د ليکل شوي مقالې نوم (( په کابل کي مرموزي پلټني )) و ، په کومه کي چي په کابل کي د اطلاعات او کلتور پر وزير نيوکي شوې وې چي په کابل کي د تاريخي اثارو په لټون کي  لاس لري او يا يي غوږونه کاڼه اچولي دي . دا ليکنه دلته لوستلای شئ . ",محمديار په کابل کي د انتظار شپې ورځي تيروي 
9,,"
",
10,,"
",
11,,"
",
12,,"
تېره ورځ تېر ماسپښين د اروزګان ولايت دچارچينو ولسوالۍ ديخدان په کلي کې نوم ليکني مامورين ديوه وسلوال کمين په ترڅ کې دوه نفره وژل شوي اوڅلور موټر يې سوځېدلي دي .
په کندهار کې دانتخاباتو دګډکميسون مشر ډاکتر همايون په دې اړه دبينوا ويبپاڼې خبريال ته وويل .""
پرون ورځ چې دچارچينو ولسوالي ديخدان په کلي کې زموږ کارکونکو ته چې دوسلوالو کسانو له 
کمين نيول شوى وه په هغه کې دوه نفره چې يويې د ټرينيګ افسر اوبل يې ډريوروه وژل شوي او خلور موټره سوځول شوي دي .""
دنوموړي دفتر دسکيورټي مشرپيټر  په دې ړه دبينوا ويبپاڼې خبريال ته  وويل: "" د اروزګان ولايت دچارچينو ولسوالي دې پيښې چې زموږ دوه نفره په کې وژل شوي دي دابه زموږ په کارهيڅ اغېزه وانه چوي ."" نوموړي زياته کړه :""موږ له خلکو هيله کو چې داګست تر ١٥پنځلسمې پورې ځانونه ثبت کړي چې وروسته به يې داچانس له لاسه ووزي .""ديادولوړده چې په دې وروستيو کې دادوهمه پيښه ده چې په نوموړي ولايت کې پيښږې مخکې هغه وګړي چې ځانونه يې ثبت کړي ا ود رايي اچولو کاټونه يې اخيستي وه وسلوالو کسانو وتښتول او دهزار بوس په سيمه کې چې دزبل ولايت ددايچوپان سره څيرمه ده ١٥کسه وژلي وه اودا دوهمه پيښه ده چې راسا دټولټاکنو دکميسون پر مامورينو سرته رسيږي ځايي چارواکي وايي چې دوى دپيښې په اړه پلټنه کوي روزګان والي په دېاړه دبينوا ويبپاڼې خبريال ته وويل :""موږ دامهال په دغه سيمه کې عمليات شروع کړي دي سيمه موټوله محاصره کړې ده اوده عمليات يواځې دملي اردوعسکر کوي اوسه پورې دعملياتو يه اړه څه نه شم ويلي خووروسته به معلوميږي اوس لاسرې وخت دى ."" ",د ارزګان په ولايت کي د نوم ليکني ددفتر پر مامورينو بريد
13,,"
",
14,,"
د شنبې په ورځ په کابل کي د اسلامي محاذ ګوند مشر پير سيداحمد ګيلاني په يوه خبري کنفرانس کي خبريالانو ته  وويل چي ګوند يي د يوه سياسي ګوند په توګه په راتلونکو ټولټاکنو کي د اوسني ولسمشر حامد کرزي څخه ملاتړ کوي . نوموړي دا اعلان په داسي حال کي کړيدی چي ولسمشر حامد کرزي د دفاع وزير قسيم فهيم نوم د خپلو مرستيالانو له لست نه ليري کړ نوموړي وويل چي حامدکرزي د مجاهدينو ملاتړ له لاسه ورکړی دی ، پير سيداحمد ګيلاني وويل چي کيدای شي يوه برخه د افغانستان له مجاهدينو نه د حامد کرزي ملاتړ  ونه کړي ، خو دا برخه ټولو افغان مجاهدينو استازيتوب نه کوي .
 
  ",د اسلامي محاذ مشر پير سيد احمد ګيلاني په راتلونکو ټولټاکنو کي له ولسمشر کرزي نه خپل ملاتړ اعلان کړ
15,,"

د بېنوا فرهنګي ټولني مشر چي يوه اوونۍ مخکي په کابل کي لويي څارنوالۍ ته د اطلاعاتو او کلتور د وزير په امر راغوښتل شوی  و د تحقيقاتو او پوښتنو ګروېږنو وروسته خلاص شواو دوسيه يې وتړل شوه .  د اطلاعاتو او کلتور وزير څارنوالۍ ته ويلي وه چي د بېنوا فرهنګي ټولني مشر محمديار  څو اوونۍ مخکي  په کندهار کي د يوه سيمينار پر وخت  دده په اړه يوه ليکنه خپره کړې وه  او په دې توګه يې دده د حيثيت سپکاوی کړی دی  ، په دې اړه له محمديار څخه په کابل کي څو ورځي پوښتني ګروېږني وشوې ، محمديار  د هيواد د اساسي قانون او مطبوعاتو په قانون کي د قلم او بيان د ازادۍ پر بنسټ د ځان دفاع وکړه  او څارنوالۍ ونشوای کړای چي محمديار د قانون له مخي د وزير په دې دعوه چي ګواکي محمديار يې د حيثيت سپکاوی کړی دی سزا ورکړي . محمديارته پرون په کابل کي وويل شوه چي نور يې دوسيه بنده شوې ده او کولای شي کندهار ته لاړ شي او همدا ډول يې په کابل کي د لويي څارنوالۍ څخه د کندهار پر څارنوالۍ يو سرپټی ليک تر لاسه کړ چي وښيي په کابل کي لويي څارنوالۍ دده دوسيه بنده کړېده او دی بيګنا ثابت شوی دی  او د هوډ مجلې مسوول مدير ښاغلی ولسمل چي په کندهار کي يې دده ضمانت کړی  نور له ضمانته خلاص دی . محمديار د بېنوا خبريال سره په تيلفوني خبرو کي وويل چي تر يوې اوونۍ بيځايه وخت تيريدو وروسته به اوس ډير ژر د خپلو فرهنګي او ژورناليستيکي  چارو د سرته رسولو لپاره کندهار ته چيري چي د بېنوافرهنګي ټولني او ښکلا مجلې مرکزي دفتر دی ولاړ شي . 

  ",لويي څارنوالۍ پسله يوې اوونۍ محمديارته د خلاصون خبر ورکړی دی 
16,,"
د ازادۍ راډيو خبر ورکړ چي په کندهار کي د ميرويس روغتون نرسان اوډاکټران د ناروغانو سره سمه وضعه نه کوي ، د ناروغانو د حال پوښتنه نه کيږي ، هغه درمل کوم چي د نړيوالو خيريه موسسو لخوا د ناروغانو دپاره راوړل کيږي په ناقانونه توګه د ښار پر درملتونونو او شرکتونوپلورل کيږي . يوه تن چي د ميرويس روغتون له ناروغانو څخه وويل چي ډاکټران پر ناروغانو پوښتنه نه کوي ، په رسمي وختونو کي په خپلو شخصي کتنځايونوکي کارکوي ،په روغتون کي  د ناروغانو له دوستانو نه د عمليات پر وخت پيسې غواړي ، د ښځينه ناروغيو او عملياتونو پر وخت هغوی مجبوره کيږي چي ډاکترانو ته پيسې ورکړي . په دې اړه د کندهار د عامي روغتيا ريس هم دا خبري ومنلې او ويې ويل چي موږ هم له داسي ځينو پېښو خبر يو ، خو فکر کيږي چي دا د حل  لاره نه ده  د عامي روغتيا رياست او وزارت ددې پېښو د مخنيوي لپاره د جدي اقدام مسووليت لري . ځکه په روغتون کي د ناروغانو سره د ډاکټرانو بي مسوليتي د ناروغ د مرګ سبب ګرځي ،  ",په کندهار کي د ميرويس روغتون پر نرسانو اوډاکټرانو نيوکي شويدي
17,,"
",
18,,"
په کندهار کې دميرويس له روغتون سره دجاپان هيواد ٢٥٠ سوه زره ډالره مرسته وکړه ،چې دامرسته په افغانستان کې دجاپان هيواد سفير له خو ا وروسپال شوه .
تېره ورځ ماښپين په درنيمو بجو په هغه غونډه کې چې دميرو يس روغتون په انګړ کې   په دې اړه جوړه شوې وه دجاپان هيواد سفير کوناموکيچني دنرسنګ لپاره دترانسپورټ وسايط ، ددوبي خانې لپاه ره ، دروغتياتفريحي ساحه ،داکسريې ماشين او ٣٥مختلف  طبي سامان الات په کښې وه دروغتون مسئولينو ته وسپارل .
دجاپان هيواد سفير ددې مراسمو په تر څ کې خبريالانو ته وويل :""يواځې يې دبودېجې څخه دجنوب لوېديځې حوزې لپاره ٧٥ ميلونه ډالره ځانګړې کړې دي .""
ده په دې اړه زياته کړه :""دجاپان هيواد هيله لري چې دبيارغاونې کارونه په کندهار کې سرته ورسوي .""
کيچني دطبي ستونزو ته پام ديوې ټولنې دلوړتيا بنسټ وباله ده وويل :""په همدې خاطر مو په دغه سيمه کې په خاص ډول دطبي ستونزو داواري لپاره مرسته وکړه .""
په کندهار کې دملګروملتو دفتر يونا ما مسئول طلعت بيګ چې په دغو مراسمو کې يې ګډون درلوده دجاپان هيواد نه مننه وکړه چې په دغو سختو شرايطو کې يې په دغه زون کې مرسته وکړه ده زياته کړه :""  دامهال په دغه زون کې بي امني ددي لامل شوي چې نړيوالې ټولنې ياخو بخي نشته اوکه شته نو په ډېر کم زړه دلته کارونه کوي زه دجاپان هيواد نه مننه کوم چې په دغو سختو شرايطو کې يې خپل کومک وکړ .""
ديادولو وړده چې دجاپان هيواد ١٦١٥٧٧٥امريکايي ډالره دخپلو وړيا مرستو څخه ددغه هيواد په ١٢ ولايتونو کې دبيا جوړونې اورغونې د٢١پروژو دعملي کولو لپاره ورکوي ،په دغو پروژو کې ښونځي ،روغتونونه ،داوبو رسولو دسيستم ترميمول ، داستنادي ديوالونوجوړول ،دسړکونو ترميمول شامل دي چې په بدخشان ،کندهار ، باميان ،کاپيسا ،دايکنډي ،غور ،نورستان ،ميدان وردگ، بغلان کې دسيمه ييزو اوغيري دولتي ادارو له خو ا اجراکيږي ددغو پرووژو تړون په کابل کې په ١٧ دزمري  دجاپان دسفارت په انګړ کې نوموړي سفير لاسليک کړ جاپان په افغانستان کې دخپل سفارت دپرانستلو څخه تر اوسه پورې دبيارغونې او جوړونې ٢٦٥پروژې دوړيا مرستو تر پروګرام لاندې تمويل کړې دي.  ",په کندهار کې دميرويس له روغتون سره دجاپان هيواد ٢٥٠ سوه زره ډالره مرسته وکړه
19,,"
يوي فرانسوي او الماني پوځي ډلګۍ په ا فغانستان کښي دسولي ساتني مسوليت په غاړه واخيست.  د بلجيم، فرانسي، لوکسمبورګ او اسپانيي کنډکونه به په راتلونکو شپږو مياشتو کښي په افغانستان کښي دسولي ساتني دنده سرته رسوي. داد ١٩٩٢ کال نه وروسته  د ايوروکورپوس  لومړي ګام دي چه د اورپا نه دباندي اخيستل کيږي. د جون په مياشت کښي د ناټوغړو هيوادونوپرېکړه کړي وه چي په افغانستان کښي به د ولس مشري د ټاکنوتروخته  ددغه  پوځونوشمير ترلسوزرو پوري  ډيره وي.  خواوس چي د ولسمشري ټاکنوته دوه مياشتي پاتي دي، دا معلومه نه ده چي دغه ا ضافي ګنډکونه به کله افغانستان ته استول کيږي.  
 
  ",په افغانستان کښي دايوروکورپوس  پوځيان
20,حبيب الله غمخور,"
به کله پای ته رسيږي ؟ 
دحبيب الله غمخور ليـــــــــکنه  +  د ٢٠٠١ ږ کال د سپټمبر د ١١ نېټې د مشهور ناورين نه راپدې خوا چي امريکا ددې لپاره ملا وتړل چي بايد د نړيوال تروريزم د هغه په سر کي د القاعدې د افراطي سازمان پر ضد خپل تلاښ او مبارزه چټکه کړي . د همدې موخې د سرته رسيدو په خاطر د نړۍ وال تروريزم سره د مقابلې د محل ويش په لمړې ليکه کښي د افغانستان نوم وليکل شو ، او د طالبانو د لاسپوڅي او کرغېړن رژيم چي په افغانستان کي د شمالي ټلوالي او جمعيت د تنظيم د واک د نشکوريدو په منظور د پاکستان د ای اس ای  ، امريکا سي ای اې ، سعودي عربستان اوعربي شيخانو په ملاتړ او مرسته منځته راغلی ؤ د ړنګيدو لپاره په پنټاګون او لندن کي د ډير تلوار د پلانونو طرح کول پيل شوه . ددې کار لپاره علاوه پر دې چي د پردې شاته سي ای اې او د انګلستان استخباراتي ادارې د معلوماتو په راتلوټولولو او پلانونو په جوړولو بوخت  وه ، بوش او تونيبلېر د ملګرو ملتونو ، امنيت شورا او د نړۍ د يو شمېر هيوادو له رهبرانو سره د هغو د ملاتړ د راخپلولو په منظور ديپلوماتيکي هلي ځلي چټکي کړي . 
په لنډه توګه په افغانستان باندي د حملې او طالبي رژيم د نسکوريدو د ضرب العاجل لحظه  راورسيده . ددې کار لپاره امريکا خپلو سياسي ګټو ته د رسيدو په خاطر چي ټولي يي متاسفانه  تر اوسه نه دي  رسوا شوي ،  بيله دې چي د سياسي تعقل او پوهي څخه کار واخلي او د افغانستان د قومي او ژبني  جوړښت اواړيکو څرنګوالی په نظر کي ونيسي پر شمالي ټولوالي ، پر هغوی چي ددوی د حاکميت په وخت کي ددوی دغير انساني اوټولو ملي او نړيوالو حقوقي نورمونو پر خلاف  يې دافغان ولس سره چلند کاوه چي په پايله يې طالبانو د وحشي رژيم  ړنګ شو تکيه وشول . هغوی ته د ډالرو اووسلو په ورکولو سره يې د طالبانو د رژيم په نسکوريدو پيل وکړ .
شمالي ټلوالي چي نور بهرني دوستان او مشوره کوونکي يې لا پخوا لرل د هغوی په مشوره له هغو سمڅو څخه راووتل کوم چي د طالبانو له ډاره هلته ننوتلي وه د امريکا د غلطي پاليسۍ او غيرمعقول درک په نتيجه کي يې يو ځل بيا په ښکلي او په وينو لړلي  کابل چي ددوی تر منځ دخپل منځي جګړو د قربانيانيو ويني لا نه وې پاکي شوي ورننوتل اود قدرت پر ګدۍ يې تکيه وکړه .
په هغه پېسو او وسلو چي له هري خوا د افغان دښمنه هيوادو لخوا، او د امريکا او انګلستان د استخباراتي سازمانو له لاري دوی ت ورکړه شوي وې ځانونه نور هم سمبال کړه ، او داسي منظم شول چي همدا او بس يوازي دوی دي چي هيوادنۍ سوله او ثبات يې له سخت خطر اوګواښ سره مخامخ کړي دي . 
که څه هم د طالبانو د رژيم دنسکوريدو څخه نږدې درې کاله تيريږي اما له بده مرغه تر اوسه په هيواد کي سياسي نظامي ستونزه اود حکومتي واک او قدرت مسئله  نده حل شوي . 
مرکزي  حکومت په ولاياتو او محلاتو کي کوم تاثير او تسلط نلري ، شمالي  تلواله ، زورور  قوماندانان او ټوپک سالاران همدا اوس محلي زيرځواکان دي ، خپله پريکړي کوي  او پخپله يې پلي کوي او له بلي خوا شپه او ورځ د خپل واک دعمر داوږدېدو لپاره هلي ځلي  کوي . 
پدغه شان يو بي امنه او بي ثباته ستونزمنو  حالاتو کي چي د بنياد خښته  يې د بن د کنفرانس له پريکړو او توافقاتو له پيل نه ايښودل شوي ده ، څنګه کيدای شي چي دهمدغه کنفرانس پريکړي پلي شي ؟ اويو غښتلی ملي اردو چي د هيواد د ټولو قومونو ، ژبواو منطقو نماينده ګي وکړي او دهغو ترحمايې لاندي وي جوړ شي ؟  زما تحليل چي زموږ د جنګ ځپلي هيواد د څو لسيزو د غمجنو او زړه راکښوونکو پېښو پربنياد ولاړ دي دادی چي زموږ په هيواد کي دغه اوسنی حاکميت دا توان نلري  چي ملي اردو ( ملي وسله وال ځواک ) جوړ کړي .ځکه داتر لمر روښانه ده چي د ملي وسله وال ځواک ( ملي اردو ، پوليس او ملي امنيت ) په جوړيدو سره چي هلته دهغو په ليکو کي مسلکي مسلکي او پوه افسران چي حربي ښوونځی ، حربي پوهنتون ، د پوليسو اکاډمي او يانور کورني او بهرني مسلکي تحصيلاتو خاوندان چي پخپلو جزوتامونو کي د سوق او ادارې او هيوادنۍ ملي ګټو په ساتنه پوه وي او پدي لارکي د پخې تجربې خاوندان وي مقرر شي ، په همهغه لحظه د تنظيم سالارو او ټوپکسالارو د سياسي ،  نظامي واک او سلطې ړنګيدل شروع کيږي . يو عاميانه متل دی چي وايي : ( څوک خپل مخالف ته لاس تړلی ورځي ؟ ) ددغو افراطي تنظيمونو ، محلي قومندانانو او ټوپکسالارو يوانۍ موخه خپلي ګټي او دخپلو بهرنيو تاريخي دوستانو پريکړي عملي کول دي ، نه په هيواد کي دموکراسي ، امنيت  او سوله راوستل .
ځکه نو هغه منطقآ بايد پخپل ټول ځواک او طاقت په هيواد کي د ملي پوځ د جوړيدو او سمبالښت سره غوڅ او بربنډ مخالفت وکي دا پروسه په هره بڼه چي وي ناکامه ده کړي ، او په خوله داد ملي اردو د جوړيدو ډرامه يوازي د افغان ولس او بهرنيانو د غوليدو لپاره روانه وساتي .څنګه به ومنل شي چي د شمال قوماندان عطا  ( د مزار والي )،جنرال  دوستم ، په هرات کي تورن  اسمعيل چي ځانته يې د امر لقب ورکړی.، محمد قسيم فهيم د ولسمشر مرستيال اونور يو شمېر  قومندانان  په ننګرهار ، کنړ ، پکتيا ، خوست ، ارزګان ، غور ، کندز ، بادغيس ، زابل  اونورو ولاياتو کي ، دا قوماندانان به حاضر  شي چي خپلي پوځي ټولګۍ او مليشې بي وسلي کړي ؟ او ځای يې ملي اردو ته پريږدي ؟.
زموږ خلک وايي د همدو مليشو برکت دی چي ښاغلی فهيم د ولسمشر د مرستيال او ملي دفاع وزارت څوکۍ پلاس کي لري او په راتلونکي کي به هم همداشان دواک خاوند وي او د خپل واک ساتلو لپاره به په هر  بڼه او ميتود چي وي تلاښ کوي  .
په دي وروستيو ورځو کي داسي اوازې وې چي ويل يې  کله چي د افغانستان ددفاع وزير فهيم يو شمير قومندانان کابل ته راغوښتي وه چي د هغوی سره خبري وکړي او دهغوی ملاتړ د ولسمشرۍ په راتلونکو ټولټاکنو کي د ښاغلي کرزي په پلوي راواړوي په دغه وروستۍ ورځ ښاغلي کرزي چي ويل کيږي  د اروپا د پارلمان  د فشار په پايله کي اړشو چي يو فرمان  صادر کړي او په هغه کي ټولي هغه ملېشې چي د دفاع د وزارت په ليکو کي نه دي ثبت شوي غير قانوني اعلان کړي ، او غوښتنه يي وکړه چي ډير ژر بايد داشان ملېشې ړنګي شي ، قومندان عطا او جنرال دوستم چي پورته ويل شوي غونډي ته د برخي اخستلو  لپاره کابل ته راغلی وه ويلي وه:  (( ديده شود که کرزی چګونه فرمان خودرا عملي ميسازد )) .د ټول افغان انټرنټ پاڼه ١٧/٧/٢٠٠٤ل . او افغان ولس هم ددې فرمان په پلي کيدو ډاډمن نه دی ( کله چي ښاغلي کرزي د راتلونکي ولسمشرۍ لپاره په ټولټاکنو کي ښاغلی احمد ضيا او خليلي د لومړي او دوهم مرستيال په توګه ونومول ښاغلی فهيم د ولسمشر کرزي سره په مخالفت او د يو نس قانوني په پلوۍ ودرېد)  
اوس هر  څوک پوهيږي چي دا فرمان ډير ناوخته  صادر شو ، دداشان فرمانود صادريدلو او عملو کولو وخت د بن د کنفرانس نه وروسته د مؤقتي ادارې په لمړيو ورځو کي  وو چي متاسفانه دا کار پر خپل وخت او زمان ونشو، چي دليل او علت يې د مصلحتونو پر بنياد د مؤقتي  ادارې جوړښت  او تشکيل ؤ .او بل داچي له همهغه لمړۍ ورځي څخه امريکا او انګلستان چي تر بل هر چا په افغانستان کي زيات ځواک او واک لري ددوه مخيزه سياست په پلي کولو شروع وکړي وه .
هغه دا چي هم د مرکزي حکومت څخه ملاتړ او هغوی ته مالي او تخنيکي مرستي رسول اوهم په مقابل کښي د محلي قوماندانانو او شمالي ټلوالي سره د ښو او نږدې اړيکوساتل دي . 
دا ډول سياستونه هغه لاملونه دي چي په هيواد کي د ملي قوي او ځواکمن وسله وال پوځ جوړيدل ناشوني کوي .
که يوه لحظه د نړۍ د خبري رسنيو او مطبوعاتو ته نظر واچوو د ملګرو ملتونو د سازمان عمومي منشي کوفي حنان څخه نيولې بيا د امنيت شورا ، د اروپا پارلمان ، ښاغلي بوش ، تونيبلېر د انګلستان صدراعظم او نور نړيوال مشران دا ټول د ناټو د قومندانۍ په شمول او ښاغلي کرزی ورسره ملګري داټول  په يوه اواز يوه خبره کوي چي :
١ _ په افغانستان کي سوله او امنيت ته يوازنی خطراو ګواښ په هيواد کي د غير قانوني مليشو او قبيلوي  قوماندانانو موجوديت دي .
٢ _ په افغانستان کي د امنيت د راوستلو لپاره يوازنۍ لاره دملي ٧٠ زره کسيز اردو جوړول دي .
٣ _ د مرکزي حکومت د واک او سلطې مزي ټولو ولاياتو ، ولسواليو او قريو ته وغځول .
٤ _ قومندانان سالاري او ټوپکسالاري پای ته رسول ، تر څو افغان ولس د سولي او دموکراسۍ په فضا کي ژوند پيل کړي او د افغانستان د بيا رغوني کار په مؤثره توګه سرته ورسيږي او دداسي نورو طرحو او پلانونو عملي کول ..... !
مګر د حيرانتيا وړ خبره داده چي په عمل کي بيا دهمدغو  وړانيزکوونکو طرحانو اوواکدارانو د واک په موجوديت کي بل څه کيږي :
١ _ د ملي وسله وال پوځ جوړيدل اوس يوه ډرامه ده ، ځکه په دغه شان يو کوچنی هيواد کي لکه افغانستان چي په زرهاوو مسلکي او روزل شوي افسران همدا اوس هم د ملي ، مذهبي ، قومي، ژبني ، منطقوي او سياسي اختلافاتو پر اساس بيکاره دي ، او په عوض کي يې غير مسلکي ولي په تنظيمو پوري تړلي کسان مقرر شوي دي .
ډير ژر کيدای شوه چي مسلکي اوغښتلي ملي وسله وال ځواک  جوړ شوی وای . 
خو لکه چي معلوميږي دا د اوسنيو واکدارانو په ګټه نه ده،ځکه به ملي اردو جوړ نشي اويوازي به دهغه د جوړيدو ډرامه دوام ولري . نږدې درې کاله تير شوه تر اوسه د عسکرۍ د مکلفيت قانون نشته او نه هم څوک په دې هکله څه وايي . که چيري دغه ايله جاري او خپل سري تنظيمي مليشې دوسله وال پوځ په نامه ونومول شي  او د ملي اردو په ليکو کي هغوی ورګډ شي پايله به يې د ملي اردو نه ، بلکي تنظيمي او پردی اردو وي .
٢ _ همدا اوس محلي قومندانانو اوټوپکسالارو د امريکا اوانګلستان ددوه مخيز سياست داصل نه په استفاده اړيکي ساتلي  او همداشان د همدغو قومندانانو اوتنظيمونو سره د هغوی د پخوانيو بهرنيو دوستانو اړيکي چي په افغانستان کي خپلي ګټي لري ځای پر ځای پاته دي .
په همدی اساس قومندان عطا په بلخ کي داحق ځانته ورکوي چي نږدې ٢٠ ورځي  د څارندوی قومندان جنرال خاکريزوال په کور کي قلا بند وساتي او له مزار شريف څخه د هغه د سمدستي ستنيدو غوښتنه کوي ، تورن اسمعيل دهرات دملي امنيت امر چي د مرکز لخوا ټاکل شوی و خپل دفتر ته پري نښود ، په کاپيسا ، غور ، بادغيس کي ورته کارونه سرته رسيدلي دي او زه په دې عقيده يم چي دا لړۍ به روانه وي . يوازي د ولسمشر ټاکل به دا ستونزه حل نشي کړای .( جالبه  خو دا ده چي د مزار شريف اوهرات حادثې په داسي وخت کي وشوې چي ښاغلی کرزي د امريکا د ازادۍ په ورځ د جولای پر ٤ نېټه  په کلفورنيا کي د ازادۍ مډال تر لاسه کاوه ) .
٣ _ ښاغلی کرزی ، دهغه کاري ټيم او کابينه يو هم دا توان نلري چي د مرکزي حکومت د واک مزي ټول افغانستا ته وغځوي ، په دې برخه کي بهرنيان هم لکه څنګه چي ښايي او د افغان ولس غوښتنه وه وړ مرسته نه کوي ښه بېلګه يې په ځينو ولاياتو کي د نوو مسولينو پر مقررولو د مرکزي حکومت او سيمه ايزو واکدارانو تر منځ په زور ازمايلو  کي دی ، چي دوی ځانونو بي طرفه اعلانوي او وايي چي ( دا د افغانانو خپل منځي مسايل دي موږ  په هغه کي کوم رول نلرو او مداخله نشو کولای ) لکه : د مزار ، کاپيسا ، بادغيس او هرات د ولاياتو په کړکيچونو کي .
دا په داسي حال کي چي هر د سالم عقل خاوند په دې ښه پوهيږي چي په افغانستان کي د سولي ، امنيت ، د موکراسۍ راتګ او غښتلتيا ، د قومندان سالارۍ  اوتنظنم سالارۍ پای ته روسول  بيله بهرني ځواک له مداخلې نه ممکن نه بريښي . او که اوسنۍ اداره دا کولای شي يچ بيله د بهرنيانو او دهغوی د ځواکونو پرته کيداۍ شي ملي دندي سرته ورسيږي او محلي واکداران بيواکه او ټوپکسالاران بي ټوپکه کړي  په هغه صورت کي د بهرنيانو او دهغوی د نظامي پوځ او ناټو د قطعاتو موجوديت په افغانستان کي د سوال سره مخ کيږي .
٤ _ د افغانستان ملي اوټولنيزي ناخوالي ، چور چپاول ، انسان وژنه  او ماشوم تښتونه ، د يوه قوم لخوا پر بل قوم باندي ظلم ، د بهرنيو مرستندويه موسسو پر کارمندانو وژونکي بريدونه ، د مکتوبونو سوځول ، د دموکراسۍ د تحقق مخنيوی ، د اسلام د پاک نامه څخه د سياسي او کرغېړنو موخو د سرته رسلولو په خاطر ناوړه استفادې او په سلهاوو نوري ناخوالي ، ويجاړي او ناندرۍ  د همدې  ادارې او دهغې د بهرنيانو د غلط او نه سنجول شوي سياست پايله ده ، او دا دروند پېټی افغان ولس همدا اوس پر خپلو اوږو وړي .
ددې غمجن او زړه بوګنوونکي کيسې  د پای ټکی په واقيعت کي په افغانستان  کي همداد ملي ځواک د (( وسله وال پوځ )) د تشي ډکول دي .پرافغان ولس او ټولو روڼ اندو ده چي ددغې ملي غميزي پای ته رسول او د افغان ولس ګريوان  له کورنيو او بهرنيو چپاول ګرانو له منګولو نه دخلاصولو لپاره خپل ټول  ځواک په کار واچوي . اوس چي په هيواد کي د سياسي ګوندونو د ازاد فعاليت قانون نافذ شوی دی اوتر ٧٠ زيات ګوندونه غواړي په افغانستان کي دننه او له افغانستان نه بهر سياسي فعاليت وکړي ، ددغو ګوندونو په کړنلارو او د مشرانو په ويناوو کي هم افغان ولس ته د يوه سوکاله او ارام ژوند د راوستلو وعدې ورکول شوي دي .
که چيري په واقعي توګه همدا ګوندونه په افغان ولس کي نفوذ او اعتبار ولري په هغه صورت کي دنده لري چي د يوه سياسي ګوند او ځواک په توګه د افغان ولس د روا او پر حق غوښتنو بربنډ ملاتړ وکړي ، او هغه سوکاله اوارام ژوند چي دوی يې ولس ته وعده ورکوي يوازي او يوازي په هيواد کښي د پورته ويل شوو ناخوالو له منځه وړلو او د يوه پياوړي ملي وسله وال ځواک چي ټولو افغانانو ته د منلو وړ وي د جوړيدو تشه ډکول دي .
بيله دې نو خدای خبر چي دا وړۍ به شړۍ شوي وي . 
  ",په افغانستان کي د ملي اردو د جوړيدو ډرامه >>>
21,اتمرخيل باييزی,"
داتمرخېل باييزی ليکنه 
 
د اساسي قانون د تسويد او تصويب پر مهال ډېرو افغانانو دا هيله درلوده چې د هېواد د يو ستر قومي اکثريت د ژبې په حيث به پښتو د افغانستان د ملي ژبې په توګه و منل شي او په دې لار کې ډېرې هلې ځلې هم و شوې خو د جرګې په ترڅ کې د ملت د پاشل کېدو څخه د منخنيوي په خاطر د پښتو پلويان له خپلو حقه غوښتنو تېر شول او په همدې يې بسنه وکړه چې  دري او پښتو دواړه د دولت رسمي ژبې وي.
د اساسي قانون پر جوړېدلو هم دادی ښايسته ښه موده واوښته خو پښتو ژبه نه يواځې دا چې د ملي  ژبې په حيث و نه منل شوه عملاَ يې رسمي توب هم تش په نامه دی. د دولت د مرکزي ادارو نژدې ټولې چارې په دري پرمخ بيول کېږي. که کله خال خال د دريمې يا څلورمې درجې د اهميت کاغذ چا په پښتو کښلی وي کښلی به يې وي  خو نژدې سل په سلو کې کاري اسناد په دري ژبه ليکل کېږي. کله کله په مطبوعاتو کې لولو چې د افغانستان ملي ټلوېزيون ژبنی انډول نه ساتي، خو ددې تر څنګه  دولتي ادارې، وزارتونه، سفارتونه  او ملي تچارتي موسسې  ( لکه اريانا افغان هوايي شرکت ) چې وېب سايټونه جوړوي د  د تبرک د پاره هم په کې پښتو نه ليدل کېږي؛ بهرني مرستندويان چې خپل کاري اسناد په بهرنيو ژبو ليکي او د أفغانستان د بيا رغونې له بودجې څخه يې په يوه افغاني ژبه را اړوي د کابل د چارواکو په فتوا يې په دري ژباړي ځکه چې ورته ويل کېږي چې پښتو متن ته ضرورت نه شته  ! دغه ډول غير نورمال چلنونه بايد چې و غندل شي او د خلکو پام ورته راواړول شي خو يوازې په خبرو څه نه کېږي او نه په چغو او انتقادونو د چا  درد  دوا کېږي.
د مرکزي دولت د ژبو سياست د نورو سياستونو په څېر د ضمني مصلحتونو په خاطر ډب شوی غوندې ښکاري او دا تمه نه شي کېدای جې کومه رسمي دولتي اداره يا کوم وزير او معين به دومره اخلاقي جرأت و لري چې د ژبو پر موضوع وګړېږي
. کله چې شراېط داسې تنګ شي نو بيا له حق څخه دفاع د اولس د هر وګړي مسئوليت شي چې په هر ځای کې او هر مقام کې چې وي تر خپلې وسې يو څه وکړي او که نور يې هېڅ له لاسه نه کېږي نو يو پاسيف مقاومت خو کولای شې.
 اوس نو د دولتي دستګاه د دريم او څلورم کتار کارمندان چي که څه هم سياسي ځواک نه لري خو  عملاَ د دولت چارې پر مخ بيايي د ژبو د يو نسبي انډول د منځ ته راتلو مسئوليت پر غاړه لري چې هم رسمي اسناد په پښتو وليکي او هم له خپلو همکارانو او مشرانو څخه و غواړي چې د اداري چارو د لا ښه کېدو په خاطر دوې ته ځينې مهم کاري اسناد په پښتو ژبه وړاندې کړي. که داسې و نه شي نو په افغانستان کې به فرهنګي نا انډولۍ تر ډېرې مودې د قناعت وړ حل و نه مومي او ګيله به مو هم له ځانه وي. ",پښتو هم د افغانستان رسمي ژبه ده >>>
22,,"
",
23,,"
",
24,,"
",
25,,"
",
26,,"

 
څو ورځي مخکي د اروپايي اتحاديې له غړو نه ١٦ تنه د افغانستان د ټولټاکنو د بهير د څېړلو لپاره وټاکل شول، نوموړي ډلي ته په ايټاليا کي ځانګړی کورس جوړ شوی و، دا پلاوی به په افغانستان کي د  ٨ حوزو له لاري خپلي څېړني وکړي . داسي ويل کيږي چي ددوی يوه بله دنده به دا هم وي چي په افغانستان کي د ولسي وګړو او چارواکو تر منځ د راشه درشه او سلوک  په اړه هم راپورونه برابر کړي  او د کار په پای کي به يي اروپايي اتحاديې ته وړاندي کړي . 
د نوموړی پلاوی حوزي په لاندي ډول ښودل شوي دي : 
هرات ، کندهار ، کابل ، ننګرهار ، ګردېز ، باميان ، مزار شريف  او کندز .
  ",د اروپايي اتحاديې له  خوا يو ١٦ کسيز پلاوی ټاکل شوی دی 
27,بابوزی,"
 د ښاغلي بابوزي ليکنه
هسي خوهم د کابل په اوسنۍ واکمنه اداره کي څو د ګوتو په شمار ادارې او وزارتونه دۍ چي څه ناڅه د هيواد او اولس لپاره ډير شکمن نه ښکاري ، له بده مرغه د زياتو ادارو او وزارتونوپرچارواکو نيوکي دومره زياتي شويدي چي واکمنان يې هيواد ني ګټو ته بې پامه ګڼل شوي او هيوادوالو ته د اذيت او ربړ عاملين ګرځيدلي دي . په دې لړ کي د بيلګي په توګه د اطلاعاتو او فرهنګ وزارت يادوو چي نه يوازي د خدمت وړ نه دۍ ګرځيدلۍ بلکي مسولينو يې د هيواد تر ګټو د ځان ګټو ته ډيرپام ګرځولۍ او ان دا چي هيوادنۍ ګټي يې تر ځاني ګټو جار کړيدي . په دې برخه کي د ګرانو لوستونکو لپاره څو بيلګي را يادوم :زموږ هيواد د دولسيزو جګړو ورسته داسي خپرونو ته اړتيا درلوده چي د ملي يوالي او ورورۍ په لوري يې ګړندي ګامونه پورته کړي واي ، په داسي حال کي چي د خپلواکو خپرونو په نوم د افغانستان د بشپړتيا او په هيواد کي د ميشت اولس تر منځ د نفاق او شقاق ډنډوروته لمن و وهل شوه . او د دې وزارت واکمنو زموږ جګړي ځپلي هيواد ته ، ددې مزمن اور اچولو په بدل کي اعزازي مدالونه تر لاسه کړل ؛د اوسنۍ واکمنۍ څه نا څه درې کاله کيږي ، خود کلتوري چارو ديو شمير واکمنو کسانو د ناسمو ژبنيو او اتنيکي اړيکو په پټ ملاتړ لا تراوسه د افغانستان دولتي راډيو او تلويزيون د يوې توپکماري ډلي تر سيوري لاندي خپروني لري ، په داسي حال کي چي د ايساف او د نړيوال ائيتلاف ځواکونه د کابل پر هره برخه واکمن دي ؛د نړيوالو مالي مرستو په ملياردونو ډالره افغانستان ته ورسيدل ، خو د ملي موزيم لپاره د دې دريو کالونو په ترځ کي هغه نړيدلې ودانۍ نوي نه شوه او د هغه وراني شوي اوزړې ودانۍ بنسټيز ه بيا جوړونه تر سره نه شوه . په داسي حال کي چي د کلتوري چارو واکمنانو د ځان لپاره په کابل کي تر ټولو ستري ماڼۍ او قصرونه جوړ کړل ؛يو وطن پال هيوادوال (( ښاغلي سلطاني )) وتوانيدۍ چي د ١٧٠٠ تاريخي توکو پر بنسټ د يوه موزيم د پرانستلو چاري تر سره کړي ، خو د اطلاعاتو او فرهنګ وزارت د(( ايکوم )) او (( ينسکو)) د مرستو سره سره لا هم نه دۍ توانيدلۍ او يا نه غواړي چي د ملي موزيم د هر اړخيزو نندارو زمينه برابره او د ملي موزيم په وطن مينو کارکونکوته په خپل وخت تنخوا(( معاش )) ورسوي ؛دورستۍ يادوني په توګه به دا هم وليکم چي په افغانستان کي زيات شمير لرغوني او طبيعي سيمي شته چي د نړيوال کلتوري ميراثونو د ټولو معيارونو سره برابر ي کوي ، يوازي يوه داسي وړانديز ته اړتيا ليدل کيږي چي دمسلکي او ملي روحيې پر بنسټ وليکل شي او د يونسکو تر ادارې ورسول شي ، خو د دې وزارت واکمن په دې نه دي توانيدلي او يا يې نه دي غوښتي چي د دې هيواد تاريخي وياړونه نړيوال ارزښت ترلاسه کړي ، د دې سره سره چي د يونسکو مشر افغانستان ته د خپل سفر پر مهال دې هيواد ته د هر ډول مالي او معنوي مرستوژ منه هم کړيده . خو يونسکو ته د افغانستان د لرغونو سيمو دور پيژندلو وړانديز ونه رسيدۍ او پر ځای د ميدال تر لاسه کولو پاڼي بيله ځنډه ورسول شوې ؛که د دا ډول نورو نيمګړتياو ياده ونه و کړو نو مقالې او کتابونه پري ليکل کيدای شي ، هغه دري متل دۍ چي وايې (( مشت نمونه خروار )) په دي تر تيب دا پايله ترلاسه کيږي چي : د اطلاعاتو او فرهنګ وزارت اوسني واکمن په اوسني پړاو کي د ملت سره د دښمنۍ تر بريده وړاندي تللي او د ځاني ګټو او د ناوړه اړيکو د ساتلو لپاره يې د هيواد او ملت ګټي تر پښو لاندي کړيدي . 
  ",مشت نمونه خروار 
28,حنان حبيبزی,"
  ژباړه  حنان حبيبزی / مزار شريف",د خبريال دنده دا ده چې ټول خلك له ورځنيو  >>>
29,,"
",
30,,"
",
31,,"
",
32,,"
",
33,,"


 

 
 پخواني پاچا محمدظاهر شا په هيواد کي دامنيت منځته راتلل تر هر څه تر مخه اړين کار وباله . د باختر اطلاعاتي اژانس د خبر له مخي پخواني پاچا محمدظاهر شا د په افغانستان کي د نړيوالو سوله تاسو ځواکونو له يوه نوي قومندان جنرال ليوپي سره وکتل  او دافغانستان د امنيت په اړه يي خبري وکړې  او ويي ويل چي هيوادوال د سولي پرته نه شي کولای چي په ډاډ سره د هيواد په بيا جوړونه کي برخه واخلي  . نوموړي په افغانستان کي د نړيوالو سوله ساتو ځواکونو څخه هيله څرګنده کړه چي دوی دي ژر تر ژره د امنيت په تامينولو کي خپل هڅي ګړندۍ کړي . همدا راز د سوله ساتو ځواکونو قومندان هم د خپلو ځواکونو د چمتو والي ژمنه وکړه .   
 ",پخواني پاچا محمدظاهر شا د سوله ساتو ځواکونو څخه د امنيت دتامين  غوښتنه وکړه 
34,,"
د پانګي اچوني نړيواله اداره په افغانستان کي خپل شپږ نمايندګۍ پرانيزي . د سوداګرۍ وزارت ځيني خبرځايونو خبر ورکړی دی چي دغه نمايندګۍ پانګي اچونکوته د اسانتيا وو د برابرولو په مقصد دکندهار ، هرات ، بلخ ، ننګرهار ، کندز او د پکتيا په ولايتونو کي جوړيږي دغه پريکړه د پانګي اچوني د عالي کميسون د نورو  پريکړو تر څنګ د سوداګرۍ  وزيرسيد مصطفی کاظمي په مشري وشوه په هغې غونډه کي چي د يکشنبې په ورځ په همدې اړه جوړه شوي وه په بغلان کي د بوري د جوړلو د فابريکي د بيا جوړولو په اړه هم خبري وشوې اوهمدا راز په دې غونډه کي د لسو مليونو ډالرو د پانګي د ارين بانک د جوړولو کار هم تصويب شو .
 
 
 
  ",د پانګي اچوني نړيواله اداره په شپږو ولايتونو کي نمايندګۍ پرانيزي 
35,,"
",
36,,"
",
37,,"
په هرات کي دهغه ولايت د والي اسمعيل خان او سيال يې قومندان امان الله تر منځ تر څو ورځو جګړو وروسته اوربند ټينګ شوی دی . د قومندان امان الله وياند بي بي سي ته وويل چي ددوی ځواکونه د اوربند درناوی کوي ، او له خپلو اوسنيو سنګرونو څخه يې چي د هرات د ادرسکن په ولسوالۍ کي دي پرمختګ درولی دی ، امريکايي پوځيان او افغان ځواکونه سيمي ته د نظم د ټينګښت دپاره ور ورسيدلي دي ، په دغو جګړو کي چي تيره جمعه پيل شوي وې په لسګونو کسان وژل شوي دي . په شينډنډ کي قومندان امان الله ويلي دي چي ده اوس اوربند منلی دی او دې ته چمتو دی چي د وروستيو جګړو په پايله کي نيول شوي سيمي د ملي پوځ سرتيرو ته وسپاري .
  ",په هرات کي د څو ورځو خونړيو جګړو وروسته اوربند اعلان شوی دی 
38,,"
دملګروملتونود سازمان سرمنشي ښاغلي کوفي عنان ويلي دي. د دي لپاره چي د اکتوبر د مياشتي د جمهوري رياست رارواني ټاکني بريالۍ سر ته ورسيږي، په افغانستان کښي  زياتو سملاسي امنيتي مرستو ته ضرورت دي.   ښاغلي کوفي عنان ويلي چي د هيواد په ځينو برخو کښي امنيتي حالات ډير خراب دي. هغه ويلي چي د انتخاباتو او بشري مرستو په کارکونکو او بهرنيو ځواکونو باندي حملي د زياتي انديښني وړ دي. د دغو حملو زياتوالي د ملي موسسو ټيکاوګډوډوي او اقتصادي او اجتماعي مرستي ځنډوي.
 
  ",افغانستان امنيتي مرستي ته اړتيا لري
39,پوهنوال رسول باوري,"
    
د هيوادد خپلواکۍ ٨٥ يمه کاليزه دي ټولو هيوادوالو
ته نيکمرغه وي",د افغانستان د خپلواکۍ جګړې پر مهال درې ستر مورچلونه
40,,"
",
41,,"
",
42,,"
د ملګرو ملتونو د افغانستان د کرني او مالداري وزارت يوه روستي علمي ارزونه وايي د پرله پسي وچکاليو له امله به سږکال افغان بزګر د تير کال په پرتله لږحاصلات ولري. دغه علمي ارزونه چي د افغانستان په شلو ولايتونو کښي تر سره شوي دا اټکل کوي چي په ټوليز ډول به د غنمو، جوارو او وريجو په حاصلاتو کښي په سلو کښي له پنځوسوڅخه تر اويا پوري کمي راشي. په کابل کښي  د ملګرو ملتونود سازمان يوه وياند وويل چي له  زيانمنوبزګرو سره خوراکي مرستي په پام کښي نيول شوي دي.
 
 
 
 
 
  ",په افغانستان کښي د وچکالۍ له امله د حاصلاتو لږوالي 
43,,"
",
44,,"
",
45,,"
",
46,,"
",
47,,"
",
48,,"
",
49,,"
وړمه شپه دکندهار ولايت دميانشين پرولسوالۍ دطالبانو په يوه بريد کې يودولتي عسکر اودوه طالبان ووژل شول .
دکندهار ولايت دامنيتي مسئو لينو دوينا له مخې دغه بريد وړمه شپه پر نهه ٩ بجې شروع او دشپې پر پنځه پنځو بجو پورې يې دوام وکړ .
په دغه جګړه کې ددوو دولتي عسکرو دټپي کېدو خبرونه هم راغلل مګر په قومندانۍ کې داوپراتيفي امير محمداسحاق دا خبر رد کړ او ويې ويل چي په دغه جګړه کې چې وړمه شپه له ٩ بجو پيل او تر پنځو بجو يې دوام وکړ زموږ يو نفر مړ شوى دي نورکوم تلفات دې راوښتي نوموړي امير وويل چي د طالبانو دوه تنه مړي لا اوس هم د جګړې په سيمه کي پراته دي .
 
بل لورته وړمه شپه دکندهار ښاراتمه ناحيه د يو توغندي ښکاره شوه داپه داسي حال کې چې دکندهار ښاريان لا د خپلواکۍ د ورځي په لمانځلو او ددې ورځي په مناسبت مېلو بوخت وو ، په دې اړه داوپارتيفي چاروامير محمد اسحاق وويل :""وړمه شپه دارغنداب ولسوالي له مربوطاتو څخه دشپې پر ١١ بجواو شلو دقيقو يوتوغندۍ دښار په اتمه ناحيه کې ولګيده  چې کوم ځاني اومالي زيان يې نه درولود، پلټنه روانه ده خوتر دامهاله پورې په دې تور څوک نه دي نيول شوي .
 
په سهيل لويديځو ولايتونو کې داحملې په داسي حال  کې رامنځ ته کېږي چې دوه شپې وړاند ې په فراه ولايت کې دملګرو ملتو پر دفتر دبمي بريد وروسته دغه اداره له افغانستان څخه دخپلو کارکونانو دايستلو تاودې خبرې کوي . ",د ميانشين په ولسوالي کي دوه شکمن طالبان اويو دولتي عسکر وژل شوي دي 
50,,"
",
51,,"
",
52,,"
",
53,,"
",
54,,"
",
55,,"
",
56,,"
",
57,,"
",
58,,"
",
59,,"
دکندهار اوسيدونکي په راتلونکي ټوټاکنوکي داولسمشري لپاره دهغوکانديدانو پريکړه چې دحامد کرزي داستفا غوښتنه يې کړې ده رده وي  .
په دې اړه دکندهار يو قومي مشر دلويې جرګې وکيل حيا ت الله الکوزي خبريالانو  ته وويل :"" موږ دخپل خلکو په استازيتوب دستارسيرت په مشري دهغه کانديدانو چې حامد کرزي داستفا غوښتنه يې کړې ده رده وه اوداساسي قانون خلا ف کاريې بولو ځکه چې حامد کرزي ته  داحق چې تر راتلونکو ټوټاکنو پر خپل حال پاتي وي اساسي قانون ورکړى دى :""
خو دکندهار دښځو استازې اودلويې جرګې وکيلې شاهدې حسين بيا په حيرت کې پاتې ده اووايي  :"" داچې نوموړي کانديدان لا اوس داساسي قانون نه سرغړونه کوي نو په هغه مهال به څه حال وي چې ولسمشر وټاکل شي :""
ددوى تر څنګ عبيدالله چې دکندهار دڅلورمې ناحيې دخلکو  استازي دى وايې :""دغه کانديدان چې اوس دولسمشر استفا غواړي په خپله اساسي قانون په لويه جرګه کې حاضر اودا ماده يې ومنله چې ولسمشر حامد کرزى بايد د راتلونکي ولسمشر تر ټاکلو پورې پر ځاى پاتې وي نواو س بيا څنګه له دې مادې څخه سرغړونه کوي:""

ديادونې وړده چې دکندهار ډېرى خلکو داخبره اصلا حي مشورتې جرګې ته وړاندې کړه چې اصلا حې جرګې  هم دې موضوع ته او دټولټاکنو دبهير دبشپړ ې څارنې لپاره يو اته کسيزه سياسي کميسون وټاکى . ددې کميسون غړي عبدالکريم دوينا له مخې داکميسون دهر هغه څه پر ضد چې داساسي قانون پر خلا ف تر سره کيږي اواز پورته کړي او دده يه وينا هيچا ته به اجازه ورنه کړي چې داساسي قانون سر غړونه وکړي ",دکندهار اوسيدونکو د ولسمشر حامد کرزي د استعفا پريکړه رد کړيده 
60,,"
دکندها رخلک له وسلوالو غلو څخه شکايت لري او پړه يې پر دولت وراړوي  خو دولتي مامورين بيادانه مني چې دوى ورسره دې خو  ډاډ  څرګنده وي چې په دې اړه دوى پوره لاس په کاردې او تراوسه يې ١٧تنه غله نيولي دي . 
دقومندان امنې نوى قوماندان جنرال خان محمد مجاهد داولسو تنو په بيلا بيلو ځايو کې دغلو نيول دراتلونکي لپاره دنورو غلو لپاره عبرت او دسيمې لپاره يې دامنيت ډاډ وباله ده په دې اړه زياته کړه :""زه چې دې وظيفې ته نوي رغلي يم نو داهلې ځلې مې شروع کړې دي تر څو دسيمې اووالس لپاره دښه ژوند لاره جوړکړو ښکارهع خبره ده چې خلک نور له دغو داړه مارو غلو څخه په تکليف دي زموږ دنده داده چې داغله هغه که په هره جامه کې وي که دپوليس که په ساده کې وي بايد منخنوي يې وشي .""
حاجي عتيق الله دکندهار دښا اوسيدونکى بيا دغلو پړه ددولت پر وسلوالو کسانو وراچوي دى زياته وي :"" که چيرته ددولت وسلوال کسان نه وي ورسره نو بيا غله څنګه کولاي شي په رڼا ورځ په وسلو بار دخلکو سامانونه ، جيبونه او کورنه لوټه وي دامعلومه خبره ده چې ددولت دوسلوالو کسانو لاس ورسره شته لمر په توګوتو نه پوټيږي.""
خو په قومندانى کې دامنيت اميرمحمد سالم احساس  بيا دانه مني چې له دغو غلو سره دې ددولتي ارګانو اړيکې وي ده په دې اړه وويل :""دخلکو ستونزې په دې هکله شته خو ددولتي قواوي چې ځينې خلک اندېښنه لري له غلو سره به لاس ولري داصحيح نه ده :""
نوموړي زياته کړه موږ نوي پلانونه په کار اچولي دي دهغې له مخې کار کوه او همدا يې لامل ده چې دغلو په نيولو کې مودامهال تر ډېره حده برى لاس ته راوړى دى .""
شير محمد دخاکريز ولسوالۍ اوسېدونکې چې دقومندانۍ په انګړ په داسي حال کې چې سپين بنداژونه يې پرهغو زخمو چې دغلو په يوه وسلوال بريد کې يې په پرې ډزشوي لاتراوسه شته په دې اړه وويل :""زه دامنيت غوښتونکى يم زه غواړم دامنيت په تضمين کې دکارزمينه راته مساعده شي ترڅو دخپل اولاد لپاره روزي وګټم :""
شيرمحمد زياته کړه :""يو زوړ موټر لرم له کوره يې نه شم راايستلى خو دجمعې په ورځ چې مې کله له کوره راوايستى ديو څو تنو سواريان په فکر کې وم خو کله چې مې سورلي پورته کړه غلولارراته نيولې وه دماشين ډزې يې راباندې وکړلې  څه چې وه هغه يې له ما اوسواريان له ټولو څخه واخيستل .موږغريبانو ته نودامرګ ده مرګ څه چې ګټو هغه دابل زوى دماشې په زور رانه و ړي .""
ديادلوړده چې په دې نيږدې ورځو کې دنوي قومندان خان محمد مجاهد په وېنا دوى اولسه تنه غله  په بيلا بيلو ځايو کې دغلا په تور نيولي دي چې هر يويې  عبدالحکيم ، بابى ، او عبدالله يې دژېړۍ دښتې په مربوطاتو کې دلويو لارو نيولو په جرم ، پيدا محمد، دل اغا او محمد رحيم دموټر سيکلو تښتولوپه تور مولا داد او احمد شاه دموټر تښتولو په جرم جمعه ګل دنغدو پيسو دغلا په جرم اوورسره نور غله چې دامهال له دوى سره زندان کې دي نيولي دي .ده دوينا له مخې دوى به ډير ژر دخپل عمل په سزا ورسيږي . 
  ",په کندهار او شاوخوا سيمو کي غلا ډيره شوې ده
61,,"
",
62,,"
د افغانستان د پخواني صدراعظم محمد هاشم ميوند وال، ورک قبر، د ٣١ کلونوڅخه رووسته د کابل د شهداء صالحين په هديره کې  پيداشو او د زمري په دوهمه نېټه  ديو لړ مراسمو په ترځ کې په نښه شو. 

خداى بښلى ميوندوال چې  د اعليحضرت محمد ظاهرشاه ( د ملت بابا) ،  د واکمنۍ په وخت  کې، د دريو کلونو لپاره د افغانستان صدراعظم و، په کال ١٣٥٢  هجري کې  د افغانستان د لومړي رئيس جمهور په وخت کې ، د ٥٠ کلونو په عمر په ناڅرګند ډول په بند کې مړ شو او جنازه يې دهغه کورنۍ ته ورنکړل شوه.  
عمر ملکيار ، يو د ميوندوال د خپلوانو څخه، د جاکټ له مخې چې ميوندوال هغه وخت آغوستى و، د خداى بښلي دقبر په پېژندلو ډاډمن شوى. ملکيار ديوې مرکې په ترځ کې د آزادۍ راډيو ته وويل چې د کورنيو چارو د وزارت يو متقاعد پوليس د ميوند وال قبر چې دى يې هغه وخت د شهداى صالحين په هد يره کې، د کابل ښار په سهيل کې ، په پټه ښخ کړۍ و، ده ته وروښود.  
د محمد هاشم ميوند وال په اړه، د افغانستان د اطلاعاتو او فرهنګ وزارت نشراتي مرستيال، عبدالحميد مبارز، داسې وويل:(( ميوند وال په داسې حال کې چې صدراعظم و، ددېموکرات او ترقۍ د ګوند پروګرام يې اعلان کړ.  هغه غوښتل د سياست په ساتنه ( د دموکراتانو وده) د سره سوسيالېزم او کمونېزم څخه لرې وساتي.
ده همدارنګه زياته کړه چې ميوند وال د سردار محمد داود د کودتاه په وخت کې چې د ١٣٥٢ کال د چنګاښ په ٢٦ مه نېټه يې د محمد ظاهرشاه په وړاندې  ترسره کړه،  په بغداد کې په سفر بوخت و او له هغه ځاى څخه کابل ته راغى. کودتا کوونکو د ميوندوال موجوديت ګټور نه بللو او د٣ مياشتو لپاره يې بندي کړ او په بنديخانه کې يې له منځه يووړ او ويې ويل چې پخپله يې ځان په نکټاي وژلى، په داسې حال کې چې هغه يو غښتلى او په تن غټ سړى و او داشونې نه وه چې ځان وژنه وکړي . دده مړى يې په شپه کې ښخ کړ او دده کورنۍ ته يې ورونه سپاره.
خو د اطلاعاتو او فرهنګ وزير، سيد مخدوم رهين، د خداى بښلي ميوندوال په وژنه کې د محمد داود خان لاس لرنه رد کړه او داسې يې وويل:(( خداى بښلي ميوندوال په يوه ځوانه جمهوري کې سر راپورته کړى و چې د ناغوښتل شويو کسانو سره مخامخ شو، که څه هم د موجوده شواهدو په بنسټ په دې ناوړه پېښه کې رئيس جمهور سردار محمد داود لاس نه لرلو . ",د افغانستان د پخواني صدراعظم محمد هاشم ميوند وال، ورک قبر، 
63,,"
",
64,,"
",
65,خپرنيزه څانګه,"
   



 
 
 
 
 
 
 
 
د هيواد پياوړی، تکړه او منلی ليکوال او څېړونکی ، خدای بخښلی محمد ولي مندوزی چي د ٢٠٠٤ کال د اګست د مياشتي پر ٢١مه نېټه د هالنډ د دين هاګ په ښار کي په حق رسيدلی و ، جنازه يې نن سهار د نوموړي ښار په اوکن بورخ Ockenburch  نومي هديره کي خاورو ته وسپال شوه . 
د خدای بخښلي د جنازې په مراسمو کښي د هالنډ ، جرمني ، بلجيم او ځينو نورو اروپايي هيوادونو څخه راغليو  په سلګونو  مشرانو ، ليکوالو ، د کلتوري ټولنو استازو او همدا ډول د خدای بخښلي ملګرو او د کورنۍ غړو ونډه اخستې وه . د خدای بخښلي مندوزي جنازه پرون ٢٦_اګست _ ٢٠٠٤ د سهار پر ١١ بجې خاورو ته وسپارل شو .  ( روح دي يې ښاد وي ) 
دقرآن عظيم الشان تر څو ايتونو او دعا وروسته د قبر سرته ټولو راغليو کسانو ته د ښاغلي عبدالروف خپلواک له خوا د خدای بخښلي مندوزي د ژوند په اړه لنډي خبري وشوې . وروسته تر دعا کولو ټوله ګډون کوونکي د فاتحې د مسجد پر لور رهي شوه ، چيري چي تر فاتحې وروسته د خيرات ترتيب هم شوی و .
د خدای بخښلي سرمحقق مندوزي  پوره ژوند ليک به دده مرحوم د چاپ شويو اثارو، علمي اوفرهنګي خدمتونو له په اړه له مالوماتو سره يوځای ډير ژر په بېنوا ويبپاڼه کي ولوستلای شئ .
  ",د خدای بخښلي محمدولي مندوزي د جنازې مراسم 
66,,"
",
67,,"
",
68,حبيب الله غمخور,"

     د ښـاغلي حبيب الله غمخــــــور ليکنه
   مالمو- سويډن  ٢٧ / اګست /٢٠٠٤
په دې هيله چي ژبپوهان په دې هکله علمي ليکني وکړي !
 
 په دي وروستيو ورځو کي مي په بېنوا ويبپاڼه  کښي د نورو علمي مقالو په ترڅ کي يو مطلب  (( پښتو هم د افغانستان رسمي ژبه ده )) تر نامه لاندي ولوست .
په نوموړي مطلب او ليکنه کي داوسني حاکميت د واکدارانو څخه ګيله  پر ځای بولم او بايد ووايم چي زه ليکوال ، ژبپوه ، او اديب نه يم خو د ژوند د حالاتو پر اساس همېشه کوښښ کوم چي د خپل هيواد د تاريخي ، اساسي او فرهنګي روانو حالاتو ځان خبر کوم .
پورته سرليک وهڅولم يوه لنډه غوندي تبصره وليکم او هدف مي دادی چي د پښتو ژبي ښاغلي ليکوال ددغه ستونزي د پيدا کيدو او حل په هکله مفصلي مقالې وليکي تر څو افغان ولس ددغه ستونزي په ټولو اړخونو پوه شي .
له بده مرغه تر اوسه دا مسئله لکه څنګه چي ښايي نه ده څېړل شوې ، چي ولي پښتو ژبه په افغانستان کي دولتي شوې  ( ملي شوې ) ده ؟ 
زما په عقيده که چيري موږ د پښتو ژبي سره د برخورد او اړيکو مسئله وڅېړو ، څو ټکو ته بايد پام وکړو ؛
١ _ پښتانه  ددې هيواد تاريخي اوسيدونکي او پښتو ددوی ژبه وه او ده ، البته زه نه غواړم د پښتو ژبي پر تاريخي تکامل او تر نن ورځي پوري د پښتو ژبي پر تاريخ د استعمال پر ځای او وخت خبري وکړم . که پښتانه په دې هيواد کي څو زره کلن تاريخ لري نو ژبه يې هم همدا شان لرغونتوب لري . سره له دې چي پښتو شاهانو پرپارسي ژبو سيمو خپل واک او سلطنت ساتلی او هغه منطقې يې په خپل دولتي حريم کي د تاريخ په بېلابېلو دورو او د بېلابېلو وختونو لپاره ساتلي دي ، خو بيا هم لکه څنګه چي مالوميږي پښتوژبي هلته خپل ويونکي نه دي پيدا کړي ، برعکس د پارسي ژبي کارولو او رواج ته زمينه برابره شوې ده چي د دې خبري اصلي ريښي بايد ژبپوهان وڅېړي .
٢ _ سلهاوو کلونه پخوا چي زموږ په هيواد کي د لويو او کوچنيو شاهي رژيمونو د جوړيدو سلسله را پيل شوې ده بيا تر اوسه دغو شاهانو په خپلو درباري ، ادبي ، غونډو او محفلونو کي يوازي د پارسي ژبي شاعران او بيا را وروسته هندمندان دربار ته رابلل اويوازي هغوی دربار ته د ورتګ امکان درلود .
نه غواړم دهر پاچا نوم واخلم ځکه دا کار د همدې ليکني په توان کي نه دی ځکه په يوه کلمه سره وايم چي ((  له پيل نه بيا تر اوسه )) دربار د پارسي ژبي د ويونکو ځای ؤ .
٣ _ ممکن په لسهاوو نور لاملونه هم وي چي ولي پارسي ژبي دومره پرمختګ وکړ او ډير ښه عالمان ، اديبان او شاعران لري چي حتی دپښتو ژبي ويونکو په منځ کي د پارسي ژبي د يو شمېر سرغندويه شاعرانو د شعرونو ټولګي لکه پنج کتاب ، ګلستان ، بوستان ، د حافظ صاحب ، خواجه عبدالله انصاري ، او نور په قوي ګمان دهمدغو شاهانو او ددوی پلوه ديني عالمانو درباد او پارسي ژبي ته د هغه چوپړ پايله ده چي اوس پخپل موجوديت په ټول تاريخ  کي نه شي کولای مروجه ملي او دولتي  ژبه شي  .
ټولو ته څرګنده ده چي په ټولو پښتو ژبه ويونکو سيمو کي ماشومانو ته دديني لومړنۍ پوهي د تر لاسه کولو په لاره کي د پارسي ژبي او پورته ويل شوو کتابونو لوستل د فکري غنا او ليکلو زده کړي معيار بولي ، سره له دي چي که ښه پاملرنه وکړو دا تعبير ځکه ساده دی چي پښتو ژبي ماشومان که  څه هم پارسي کتابونه لولي خو هغوی پښتو ليک لوست زده کوي نه پارسي ، ولي له ډيره پخوا د هغي دقيقي فرهنګي مداخلې پر اساس چي په پښتو ژبو کي شوي دي ، دا شان يو نا اګاهانه تعبير موجود دی ، چي دا لومړی ساده بريښي او د پښتو ژبي د رواجولو د مخنيوي پر ضد يې تاثيرات محسوس نه مالوميږي ولي په حقيقت کي دا ډير جور تاثير او ژوري ريښې لري .
٤ _ د لوی احمدشابابا له دربار نه بيا کله چي تيمورشا يو قزلباشه وکړه اوهغه دده ګرانه ښځه وه اوبيا تر همدی اوسنيو شېبو پوري زيات وخت قانونونو کي ليکل شوي دي چي پښتو رسمي ژبه ده او په دې راوروسته کي د رسمي کلمې سره د ملي کلمه هم يو ځای شوې ده چي په غټ ګومان دا کار يوازي د پښتنو دخوشحالۍ لپاره شوی دی . ځکه په عمل کي پښتو ته په دربار او دولت کي ځای نه دي ورکړه شوي  .
په افغانستان کي د لوړو او مسلکي زده کړو موسسې ( پوهنتونونه ، دارلمعليمينونه ، او نور ) يوازي د هيواد په پلازمينه کابل کي وه او درسي کتابونه يې په دري ( پارسي ) ژبه وه لکه چي مخکي مي څرګنده کړه ارګ او دربار ته يوازي پارسي ژبو لار درلوده ؟ او که څوک رانه خپه نه شي ددربار او حتی ځينو شاهانو ژبه دري ګرځېدلې وه دوی په پښتوخبري نه شوای کولای او يا يې غلطه پښتو ويل .
٥ _ د افغانستان لپاره اکثريت کتابونه په دري ژبه تهيه کيدل ، او اکثره پښتوژبو ليکوالو هم ددې لپاره چي ددوی ليکني ګويا اعتبار ولري او د دولت له خوا تشويق شي ليکني او ژباړني په دري کولې .
٦ _ حقيقت تريخ وي که يوه شېبه موږ پښتانه پخپله ځان ته ګوته ونيسو له پيل نه بيا تر اوسه د انګريزانو د هغې پښتو دښمني پاليسۍ له مخي چي نه يې غوښتل پښتانه پوه ، د لومړنيو او لوړو زده کړو اوقلم خاوندان شي دخپلوګوډاګيانو اوهغو نوکرانو پواسطه چي په افغان ولس کي له مذهبي او يا بل اعتبارنه برخمن وه تبليغ کاوه او پښتانه يې د مکتب او تحصيل سره غبرګون ته هڅول همدا علت دی چي له بده مرغه سره له دې چي دا کلمه همېشه وايي چي تعليم پر نر او ښځو فرض دی ولي دهلک اونجلۍ ښوونځی ته له تګ نه مخه نيسي . په پښتنو کي پراخ تبليغ شوی دی او کيږي چي ښوونځی او لوړي زده کړي ددوی د اولادو عقيده خرابه وي . د همدې پښتنون دښمنه پاليسۍ دعملي کيدو پايله ده چي دغه لوی اکثريت د سواد له نعمت نه محروم او په پايله کي که غواړو او که نه ! بايد د بلي ژبي ويونکي پر دولتي څوکيو مقرر شي . هغوی څنګه پښتوژبي ته کار وکړي  ؟ 
واقعيت دادی چي په پوهه د انسان عقيده نوره هم مکمله او ټينګيږي ، خدای پېژندنه ، حق پېژندنه ، اويا د نورو ټولو ناوړو کړو  وړو په پايلو کي انسان يوازي د پوهي په نتيجه کي پوهيدلای شي .
٧ _ همدا پښتو ته په سرسري نظر کتل ددې باعث شول چي په حقيقت کي په ښوونځيو ، پوهنتونو او مسلکي موسسو کي نه په پښتو کوم کتاب شته او نه پښتو هلته ځای لري له شرمه ډکه خبره خو لاداده چي په زياتو تعليمي او تحصيلي موسسو کي پښتو د يوه ځانګړی مضمون په شکل ويل کيږي ، يوازي په کابل کي د رحمان بابا اوخوشحال خان ليسه په پښتو دي او په نورو ټولو کي په پارسي ژبه درس لوستل کيږي  .
٨ _ موږ که وغواړو چي دخپل هيواد په تاريخ پوه شو او يا هغه ولولو _ نو ضروري ده چي د خدای بخښلي غبار صاحب ، کهزاد صاحب چي مورنۍ ژبي يې پارسي وه اثارو ته مراجعه وکړو او يا حبيبي صاحب چي هغه هم په دواړو ژبو ليکني کړي دي . که د افغانستان دتاريخ په هکله ټول ليکل شوي اثار راټول کړو دا به ثابته شي چي په پارسي ژبه زيات اثار ليکل شوي دي .
په دې وروستيو وختونو کي د پښتنو او پښتوژبي د تاريخ په هکله لږ څه نوري ليکني شوي چي دهغې جملې نه د ښاغلي استادغوث خيبري ليکني د يادولو وړ دي د هغه معلومات له مخي چي زه يې لرم ښاغلي خيبري صاحب همدا اوس د يوه تاريخي اثر په ليکلو بوخت دی خدای دي وکړي چي دا با ارزښته تاريخي اثر د يو چا په مرسته د چاپ بخت تر لاسه کړي او پښتانه يې په لوستلو سره د پښتو ژبي سره د جفا اوبيغورۍ اسناد اوشواهد مطالعه کړي .
٩ _ له هغې نېټې نه چي د ملګرو ملتونو سازمان جوړ شوی دی بيا تر اوسه  پوري بېله  نورمحمد تره کي بل هيڅ کوم ولسمشر يا پاچا په نړيوالو غونډو اومحفلونو کي په پښتو وينا نه ده کړې ،  بلکي دهيواد په داخل کښي يې په پارسي اواوس  رواج دی په انګريزي خبري کوي .
د بېلګي په توګه : ښاغلی حامد کرزی پښتون اوپه کندهار کي زېږيدلی دی مګر زياته علاقه لري چي په هيواد کي دننه په پارسي او انګريزي ژبو خبري وکړي .
د ټولو پښتون دښمنه تلاښونو سره _ سره دا يو حقيقت دی چي پښتانه غوڅ اکثريت چي بايد د ولس مشر په خبرو پوه شي او نړۍ والو غوږوته دا وښيي چي افغانستان خپله ژبه لري او په هغه وينا کوي  .
سره له دې چي د ټولو منل شويو نړيوالو ديپلوماتيکو نورمونو په اساس ښه داده چي د يو هيواد چارواکي په بهر او داخل کښي د بهرنيانو سره پخپله ژبه خبري وکړي ، يوازي په هغو خاصو حالاتو کښي ددوو هيوادو د مشرانوتر منځ  کومه خاصه مسئله چي بايد پټه او ددوی تر منځ وي د تړلو دروازو شاته دوه په دوه په انګريزي او يا بلي کومي هغې ژبي چي دواړه په اساني سره خبري پري کولای شي خبري کوي  .
ولي ښاغلی کرزی په کابل کي د بهرنيو مشرانو او مطبوعاتي کنفرانسونو سره په انګريزي  ، لويه جرګه او نورو غونډو کي په پارسي خبري کوي . 
ډير داسي دليلونه شته او شواهد شته چي د پښتو ژبي سره د پښتنو لخوا د جفا او خپل سرۍ انکار نه منونکی اسناد دي او پر هغوی بايد کتابونه وليکل شي خو واکداران به دغه کار ته اجازه ورنه کړي . 
په همدې اساس واضح اوڅرګنده ده چي :
_ په هغه هيواد کي چي پښتانه تر ټولو لوی اکثريت دي بيا هم دربار ، پاچاهانو بيا راوروسته ولسمشرانو ته پښتو بېګانه ښکاري .
_ د هيواد په اکثريت تعليمي او تحصيلي موسسو کي پارسي مسلطه ژبه اوپښتو بېګانه وه .
_ دولتي ټول کاروبار حتی په هغو ولايتونو کي لکه : کندهار ، فراه ، هلمند ، ارزګان ، زابل ، پکتيا ، خوست ، ننګرهار ، پکتيا ، کنړ ، لغمان ، کي چي ٩٥ ٪ پښتوژبي دي په پارسي ژبه سرته رسيږي .
_ راډيو ، تلويزيون ، اوچاپي خپروني غوڅ اکثريت په پارسي ژبه نشرات کوي . ان تر دې پوري دهغو بهرنيانو لپاره کوم چي په افغانستان کي ديپلوماتيکي اويا نوري  دندي لري پارسي ژبي تر جمانان ګمارل کيږي . که رښتيا ووايو دهمدغوپښتنو واکدارو په اصطلاح برکت دی چي په بهر کي ديپلوماتانو اونورو کارکوونکو ته پارسي  ورزده کوي  ياني داسي پوه شوي دي چي د افغانستان رسمي او ملي ژبه پارسي ده . څنګه به توقع وشي چي پښتو مروجه دولتي يا ملي ژبه شي . 
_ په دې وروستۍ لسيزه کي د مهاجرت په شرايطو کي يو شمېر اديبانو ، ليکوالو اوشاعرانو يو شمېر کتابونه په پښتو ژبه وليکل ، چي دهغوی دودول په پارسي ژبو کي د همدغو کتابونو د خصوصياتو او بڼي له مخي ډير ضعيف بريښي اوپارسي ژبو ته د هغو د ويلو اړينه نه پيا کيږي . داسي علمي تخنيکي اثار چي په هغو د پوهيدو اړتيا هر څوک او د هري ژبي ويونکي احساس کړي متاسفانه ډير کم او يا هيڅ نه دي ليکل شوی . هغه چي ليکل شوی دي د رواجولو او شهرت پيدا کولو لپاره يې هيڅ چا تلاښ نه دی کړی .
که ټول تاريخي شواهد ، دليلونه ، او د پښتو ژبي سره ناخوالي وڅېړو پايله به يې داوي چي :
تر څو چي خپله پښتانه ، پښتانه واکداران ، پښتانه ليکوال  اوپوهان خپل دغه ملي او وطني لوی مسوليت درک نه کړي او دهغه د رفع کولو لپاره وجداناً کار ونه کړي او په پښتو ژبه داسي علمي تاريخي ، ادبي اوفرهنګي اثار ونه ليکل او ونه ژباړل شي او د نوي نسل لپاره يې لوستل اړينه ونه برښي د پښتو سرنويشت به خالي فرمانونه او د اساسي قانون په مادو کي دهغې په يادونه (( پښتوملي يا رسمي ژبه )) ده دا ستونزي او د پښتو ژبي بدمرغي پای ته نشي رسيدای . او پښتانه چي ددې ټاټوبي اصلي او تاريخي اوسيدونکي دي د خپلي ژبي د کارولو او هغې ته له درناوي نه به بې برخي وي .
زه په دې عقېده يم راځی چي د يوه افغان په صفت پر پښتو ژبي له سياسي او اډيا لوژيکي تجارت او په خبرو د هغې له ملاتړ او دفاع نه تير شو ځکه دا کار پښتانه له نورو لږه کيو څخه چي دهغو عام ولس هيڅ ګنا نه لري ليري کوي او د پښتنو دښمنان بيا له موقع نه په ګټه اخستلو سره د ژبو په جنګ کي سياسي ګټي لټوي .
ښه به داوي هغه څه سرته ورسوو چي په افغانستان او له هغه نه بهر د نورو ژبو ويونکي د خپلوعلمي او تخنيکي مالوماتو د پوره کولو لپاره په خپله وهڅيږي چي پښتوژبه زده او دا علمي اثار پرې مطالعه کړي .
ژبه هغه وخت غښتلې کيږي چي دويلو ، لوستلو ، او زده کولو اړتيا يې احساس شي .
ماته د کابل پوهنتون پخواني استاد پوهنوال رسول باوري چي همدا اوس په هالنډ کي د سلام فرهنګي ټولني مشر دی څو کاله پخوا له کابل نه په بېلابېلو وختونو کي ليکونه راليږل ، په لومړي ليک کي چي د ښاغلي ( رباني ) د زمامدارۍ وختونه وه د پښتوژبي سره ددښمنۍ کچه ليکلې وه ، اوبل وخت يې بيا د طالبانو په وخت کي د پښتوژبي سره لېوالتيا اوپارسي سره دښمنۍ اندازه راته ليکلې وه ، چي  دا دواړه ليکونه زماسره همدااوس هم شته ، ددغو ليکونو په لوستلو سره هر انسان حيرانيږي چي په دې هيواد کي څه تيريږي ، متل دی چي وايي :  نه بايد دومره خوږ شې چي ټول دي وخوري  اونه دومره ترېخ چي ټول دي وغورځوي  ؛ . د پښتنو منطقي اوله انصاف سره ملګرې کړنه زموږ دهيواد د ټولو ژبو په ګټه ده او د ژبنيو اختلافاتو څخه د ناوړه ګټه اخستونکو مخه به نېول شوې وي . ښه به داوي چي پښتو ژبه د خپلو پښتنو په واسطه غني اوغښتلې کړو او له بلې ژبي سره يې په جنګ وا نه چوو . 
که پښتانه پښتو ته په درنه او وړ سترګه وګوري په هغه صورت کي به په افغانستان   او له افغانستان نه بهر ټول نه دا چي د پښتو درناوی به وکړي ، بلکي هغه به زده ، په دولت ، دربار  او مطبوعاتو کي  عامه او مروجه ژبه شي . 
په دې بايد پوه يو او ټينګ باور ولرو چي دهر چا عزت او لوړ تيا پخپلو کي ده . 
په دې هيله چي پښتانه په دې تکل شي چي دخپلي ژبي عزت وکړي .  ",پښتو ته پخپله پښتنو په ټيټه سترګه کتلي 
69,,"
په خوست کښي په يوه لارۍ موټر باندي د نا پيژندل شوو وسله والو کسانو له خوا بريد شوي چي په ترڅ کښي يي يو تن وژل شوي او يو بل ټپي شوي دي . په سيمه کښي د بي بي سي خبريال وايي دغه لارۍ موټر د نړيوالوايتلافي ځواکونو لپاره د اړتيا وړ توکي ليږدول . د خوست د امنيې قومندان خيال باز شيرزوي د دغه پيښي پړه يو وار بيا په طالبانو وروا چوله.
 
 
 
 
 
 
 
  ",په يوه لارۍ موټر باندي بريد شوی دی 
70,,"
په افغانستان کښي د لوړو زدکړو د وزارت له خوا خپرې شوي خبرتيا کښي غوښتنه شوي چي په ټول هيواد کښي دنوموړي وزارت دکار کونکو په ګډون  ښوو نکي او زده کونکي بايد په خپلو دفترونو ، صنفونو او ليليو کښي له سياسي بحثونو څخه ډډه وکړي. د دي تر څنګ له وزارت سره تړلوځا يونو کښي  د ټاکنو په لړ کښي د سياسي او تبليغاتي پوسټرونوپه لګو لو هم بنديز لګول شوي دي. که څه هم يو شمير زدکونکو پر دا ډول   سياسي فعاليتونو   له  بنديزونو سره مخالفت ښودلي ، خو د نوموړي وزارت په وينا دغه ګام په تدريسي چاپيريال کښي د ګډوډيو د مخ نيوي په لړ کښي پورته شوي دي. 
 
 
 
 
 
 
  ",په  ښوونځيو ، پوهنتونونو او ليليو کښي پر سياسي بحثونو بنديز لګيدلی دی 
71,,"
",
72,,"
",
73,,"
",
74,,"
                 تېره پنجشنبه دارغنداب ولسوالي دولت له  يوه کاله پس له طالبانونه ونيوه ""
دزابل ولايت په ارغنداب کې دتصفوي عملياتو په نتيجه کې ١٧ نفره دطالبانو نيول شوي دي
دهغو عملياتو په تر څ کې چې دزابل ولايت دارغنداب په ولسوالي کې دزابل دولي خيال حسيني په وينا دپنج شنبې په ورځ دزابل ،غزني دوسوه عسکرواو دايتلاف دځواکونو په ملتيا پيل کړي وه اته نفه يې مسلح کسان او٩ نفره يې نور چې دطالبانو شک پرې کېدى نيول دي .
دزابل والي خيال حسيني په وينا داعمليا ت لاتراوسه هم روان دي چې په سيمه کې پلټنه کوي .او له دي سره  والي دماين يوه  پيښه تايده وي خوولې  وژنه او زخمي کيدل دعسکرو  رده وي 
دارغنداب ولسوالي چې دزابل دوالي په وينا پس له يوه کاله يې دلومړي ځل لپاره دطالبانوڅخه لاس   راوړې او دعبدالقيوم په نامه ولسوال يې سره له خپلو ملګرو هلته دولسوال په صفت ورلېږلى دى.
دزابل والي زياته کړه هلته اوس ارامي ده کومه امنيتي ستونزې نشته .
خو دعيني شاهدانوله قوله په ارغنداب کې سخته جګړه روانه ده چې ډېرى طالبان او دولتي عسکر په کې وژل شوي دي چې په دې کې يو دغزني دوالي نږدې ملګرى هم سخت زخمي دى او دوه موټره ددولتي او ايتلافي ځواکونو په ريموټي ماينون الوزول شوي دي.
له دې سره په څنګ کې دوه نفره نور چي طالبانو سټلايټونه ورسره نيولي وه امريکايانو ته يې دجاسوسي په  تور په نوموړې سيمه کې وژلي دي دادوه نفره چې له قلاته ميزاني وولسوالي ته روان وه او دهغې سيمې خلک وه .
  ",د زابل ولايت د ارغنداب ولسوالي پسله يوکال نه نيول شويده 
75,,"
",
76,,"

زمری افغان له سهيلي پښتونخوا څخه خبر راکوي 
دجمعې په ورځ دطالبانو لوړپوړى قوماندان حاجي ملا روزي خان عاکف له ايتلافي ځواکونو سره په يوه نيښته کې ووژل شو.
٢٨کلن حاجي ملا روزي خان عاکف دزابل ولايت نوبهار ولسوالۍ چې دامهال دطالبانو نوموتى قوماندان وه او په زابل کې يې ډېر ځله له امريکايې ځواکونو سره ګڼې نيښتې کړې وې  چې ډېر ځله دده دنيول کېدو او وژل کېدو خبرونه ورکېدل چې وروسته به بير ته ردکېدل خو په دې ورستيو کې يې دشاجوى ولسوالۍ جنوب ختيځ ته د خر ډ کلي ته څيرمه امريکايې ځواکونو محاصره کړ په داسي حال کې چې يو بل ملګرى هم ورسره وه چې دي مړ او ملګري يې اسير امريکايي ځواکونو ته په لاس ورغلى. 
دغزني والي اسدالله  خالد په دې اړه ويلي دي  :"" په هغو عملياتو کې  چې دجمعې په ورځ مو شروع کړي وه دطالبانو يو لوړ پوړي قوماندان ملا روزي خان له خپلو څو تنو ساتونکو سره وژل شوى او څو تنه نور وسلوال کسان ژوندي نيول شوي دي.""
 ",د طالبانو د يوه تکړه قومندان حاجي ملا روزي خان د وژل کيدو خبر ورکړه شوی دی 
77,,"
",
78,,"
",
79,,"

کندهار د ارغنداب ولسوالي ، د بابا ولي صاحب زيارت د جوړيدو په حال کي ( ولي شا طبيب عکاسي )

د کندهار په ښار او شاوخوا سيمو کښي د بيا جوړوني يو شمېر په زړه پوري کارونه شوي دي ، او لا ځيني يې اوس هم روان دي . په کندهار کي د بيا جوړوني په کارونو کښي تر ټولو ستر خدمتونه د کندهار مخکني والي ښاغلي ګل اغا شيرزي تر سره کړي دي ، ګل اغا شيرزی تېر کال هغه وخت د کندهار د ولايت له څوکۍ نه کابل ته ولاړی کله چي ولسمشر حامد کرزي د هيواد د ځينو واليانو د تيديلۍ فرمان صادر کړ . 
په دې فرمان کښي د هرات والي  تورن اسمعيل او د بلخ څخه عبدالرشيد دوستم وو. له نوموړو دريو تنو واکمنو څخه يوازي ګل اغا شيرزي د ولسمشر امر ته غاړه کېښوده او کابل ته لاړ چي تر اوسه هلته دنده سرته رسوي .  د ګل اغا شيرزي کابل ته په تګ سره د کندهار ښاريانو ډيره برخه نه وه خوښه ، اوداسي خو لاويل کيدل چي که ګل اغا کابل ته تګ  ونه غواړي نو ټوله ښار به يې په ملاتړ ودريږي ، له دې شمېر ښاريانو نه ډيره برخه د کندهار ښار او شاوخوا سيمو ځوانان تشکيلوي ، پر کومو چي د طالبانو د قدرت په وختونو کښي پر وريښتانو ، ږيرو خريلو ، موسيقۍ ، لوبو ، او .......  بنديزونه لګيدلې وه . 
اوس په ښار کښي هره خوا د بيا جوړوني کارونه تر سترګو کيږي ، په دې اړه د کندهار په ولايت کښي ښاغلي ولي شا طبيب يوه لاندي خبر او عکسونه راليږلي دي . 
په دې لاندي عکسونو کښي د کندهار ښار د بابا ولي  ( بابا صاحب ) زيارت چي د ارغنداب په ولسوالۍ پوري اړه لري وينئ ، دغه څو تصويرونه دکندهار دباباولي رح دزيارت اوشاحسيني بابا دزيارت اودشاوخوا دپارک ساحه ښيي . دباباولي رح زيارت په ډير ښکلي ډول جوړ شو ،همدارنګه دشاحسيني بابا زيارت ته ډيري ښکلي زينې چه دواړو خواووته ښکلي پنجرې هم لري او تعداد يې  ٢٨٣ زينو ته رسيږي   پورته شويدي ، دزينو په دواړو غاړو کي ښکلی  زرغون چمن کرل سويدی ،همدارنګه دسيلانيانولپاره دناستي ښه برنډې چه چت هم لری جوړي سويدي  کله چه سړی لاندي ګوري نو ټول ارغنداب معلوميږی،دتپې په کيڼ برخه کښی ښکلی دوه پوړيزه هوټل جوړ سويدی چه کار يی اوس هم جريان لري . دباباولي دزيارت په څنګ کښي يو ښايسته مسجد هم بنا سويدی او  دغه کارونه اوس هم جريان لري ، کوم سړک چه دکندهاردښاره دبابا ولي زيارت ته غزول سويدی ټوله ډامبر سويدی ،د زيارت په شاوخوا کي دبرېښنا لوی لوی څراغونه ځوړند دي ، او هري خواته ډير ښه دتفريح ځايونه سته  ،دپنجشنبې  ورځ ښځوته ځانګړی سويده . په زرهاوو خلک خصوصا دجمعې په ورځ راځي . داټول کارونه دمحترم ګل اغا شيرزی په همت اومړانه سويدی . پښتو کی وايی چه ميړه مړکه خو مړانه يی مه ورکوه . نوموږ هم د ګل اغا شيرزي دغه نوښتونه دده يوه مړانه بولو او ستايو يې .
يادښت : هڅه کوو په تر دې وروسته د کندهار د ولايت د ښووني او روزني پر چارو درنو لوستونکو ته معلومات وړاندي کړو .

 
 ",کندهار او د بيا جوړونې دکارونو يوه بېلګه 
80,,"
",
81,,"
",
82,ولي شا طبيب,"
ولي شا طبيب / کندهار 
 کله چه می دلمړی ځل لپاره دخيبر پښتو چينل ليدنه وکړه ، په لمړيو شيبو کی ډير خوښ سوم ٠خودازما خوښی همداسی څو شيبې وه ،دځانه سره می وويل چه کاشکي خومې داډول چينل نه وای ليدلی ٠زما دخواشينۍ سبب دا ؤ چه په دی چينل کی پښتوکمه کمه او انګريزی اواردو زياته زياته وه ، خو زه نه غواړم چه ددی چينل چلونکی سم دلاسه ګرم کړم ، په شروع کی ستونزي وي ، خو ښه خبره داده چه سمون بايد راوستل شی ٠ زه ددوی دغه نوښت ته درناوی کوم ٠ خبره داده چه دا چينل خو تر  ٥٠ ز ياتو ملکونو کښی ليدل کيږې ٠هلته چه کوم پښتانه  نوی ځوانان اوماشومان داډول ګډه وډه پښتواوری نوبه همدا دانګريزې ، اردو او پښتو يو ګډه ژبه زده کړی ٠ اود پښتو دژبي دورانۍ سبب به شي ٠ په شمالی پښتونخوا کی خو دپښتنو داسی شاعران تيرسويدي لکه خوشحال خان خټک ،رحمان بابا او نوردپښتو ادب ځلانده ستورې  ځليدلی اوځليږې ٠ زما هيله داده چه دخيبر چلونکي دي داسي کسان په کار وګماري چي په خوږه پيښوري پښتولهجه  وږغيږی ،هلته خو دپښتوژبي ډير تکړه ليکوالان او دپښتو ادب پوهان سته ، همدارنګه که د خيبر چينل ښاغلي کارکوونکي د پښتني دود او کلتور سره سمي خپروني وکړي ، دا به  د ټولو افغانانو او په زياته بيا ټولو هغو کسانو لپاره چي دا چينل ګوري يو خدمت وي . او هيره دي نه وي چي موږ داسي چينلونو ته اړتيا لرو ، داسي چينلونه به نه يوازي د بهرميشتو ماشومانو لپاره په زړه پوري وي او د خپلي ژبي اوکلتور په اړه به ډير څه ترې نه زده کوي بلکي ټولو هغو افغانانو ته چي په بهرنيو هيوادونو کي  اوسيږي او د هغه هيوادونو په ژبه لا سم اشنا نه دي ، دا سي چينلونه ډير ګټور تماميږي . 
 
زه هيله مند يم چي د خيبر چينل کارکوونکي او مسوولين زما په دې وړانديز خپه نه شي . 
هغه يو بيت مي راپر زړه شي چي وايي : 
 
ته پښتو وايه پښتونه له دې ننګه
چي وطن دي په نوم ياد د پښتانه دی .
 

 
 ",پښتو به په پښتو وايو نه په انګريزي او اُردو !
83,,"
",
84,خپرنيزه څانګه,"

   ښاغلی  حبيب الله رفيع       __________________________      ښاغلی عبدالحميد مبارز
په اروپا کې د افغاني کلتوري ټولنو د ګډې جرګې له خوا د افغانستان د سياسي خپلواکۍ د بېرته ګټلو او د غازي امان الله خان د واکمنۍ د پنځه اتيايمې کاليزې په وياړ  دوو نومياليو افغان ليکوالو او  د بيان د ازادۍ وتليو او زړورو مبارزينو  ښاغلي استاد حبيب الله رفيع او ښاغلي عبدالحميد مبارز ته د غازي امان الله خان  د ازادۍ د سرو زرو مډالونه ورکړل شول .
 
په اروپا کې د افغاني کلتوري ټولنو د ګډې جرګې دغه پرېکړه د روان کال د اګست پر ٢١ نېټه په هغه  ستره غونډه کې اعلان شوه چې د هېواد د خپلواکۍ او د غازي امان الله خان د واکمنۍ د پنځه اتيايمې کاليزې په مناسبت د جرمني د ليورکوزن په ښار کې د افغانستان د کلتوري ودې ټولنې له خوا د اته سوو تنو افغانانو په ګډون جوړه شوې وه او مډالونه او سندونه يې پر هماغه ورځ د جلال اباد په تاريخي ښار کې په هاغه غونډه کې دغو ښاغليو ليکوالو ته وړاندې شول چې په همدې وياړلي مناسبت د افغانستان د کلتوري ودې ټولنې او د ختيځو ولاياتو د ليکوالو او ژورناليستانو ټولنې له لورې جوړه شوې وه.
",دغازي امان الله خان د ازادۍ د سرو زرو مډالونه >>>
85,,"
",
86,,"
",
87,,"
",
88,,"
",
89,,"
",
90,,"
",
91,,"
",
92,اياز نوري  خوست وال,"
د استقلال په وياړ
ځوان حکمران
دا ليکنه په حقيقت کي د اعليحضرت غازي امان الله خان د سيرت او صورت يوه خاکه ده . چي  په کال ١٣٠٢ ل کي د ( ا . ص ) په قلم ليکل شوې ده . او بيا د نوموړي کال د >  امان افغان  < د ورځپاڼي د زمري د مياشتي په ٢٩مه ګڼه کي  ( د کابل څخه مکتوب ) تر سرليک لاندي چاپ شوې ، چي ورپسې د وخت په رشديه ښوونځيو کي د ( ادبي منتخباتو د کتاب ) په نوم د ١٣٠٧ ل کال د چاپ څخه اقتباس شوې ده . کوم متن چي دلته تقديم کيږي ، د هغه ځوان پاچا صورت او سيرت ، په موشګافۍ سره معرفي کوي ، او ددې انځور څخه څرګنديږي چي ليکوال د غازي سره دوست او ملګری پاتې شوی دی او هغه خدای بخښلی يې په دقيق او ژول ډول پېژنده . ( حبيب الله رفيع ) 
 
 
د اعليحضرت غازي امان الله خان صورت او سيرت
 

 
د ( ا . ص ) ليکنه  (( ١٣٠٢ ل کال کابل ))
ژباړونکی :   اياز نوري ( خوست وال )  
٢٨ / اسد/١٣٨٣ل  / هالنډ
 
 
 
حضرت امان الله خان د خپل شهيد پلار امير حبيب الله خان  دريم مشر زوی دی . د يوه ځانګړي فطرت خاوند دی او دخپل نيکه امير عبدالرحمن خان په څېر د کلکي ارادې او عزم خاوند دی . اوس د عمر په ٢٨ کلنۍ کښي دی . د منځنۍ وني خاوند ، صحيح البنيه او غنم رنګه دی . د تورو ښکلو سترګو څخه يې د پوهي او ذکاوت اثار راڅرګنديږي . برېتونه يې لنډ دي هيجاني او عصبي مزاجه ليکن متواضع دی .فوق العاده ذکي ، سريع الانتقاله ، ظريف او نکته پوه زلمی دی . خپل مخاطب ضرور مسخر کوي . سره له دې چي د پخوانيو اميرانو مهيم شمېر او اوسني جګپوړي حکومتي اراکين د هيواد په ملي ژبه ( پښتو ) خبري نه شي کولای . امير ملي ژبي پښتو ته نه يوازي ترجيح ورکوي ، بلکي په هغې تکلم کوي . اوهغه کسان چي د پښتو ژبي څخه اهمال کوي ، خطا کار شمېري . په ترکي ژبه په بشپړ ډول پوهيږي ، په وطني پارسي لهجه اشعار وايي . او دغه دم اخته دی ، ( فرانسوي ) ژبه زده کوي . خپل زوي ، او يو ورور يې تېر کال د تحصيل لپاره پاريس ته واستول . موټر او بايسکل ډير ښه چلوي . د توپانچې په استعمال کي خورا ماهر دی . د پخوانيو آس ځغلوونکو په څېر تر ليري واټن پوري ، آس په چهار نعل ځغلوي . په کرسۍ او ممبر باندي په داسي برياليتوب باندي خطبه وايي ، چي حاضرين پر ژړا راولي . د تينس لوبه کوي ، مارش ترتيبوي . پيانو ږغوي او په خپلو لاسونو يوي کوي . ... !! .
بالذات د لمانځه لپاره امامت کوي . کله کله له علماوو څخه پوښتي چي : “  ايا زما څخه به سېوا ، بل پاچاوي  چي خپل حق يې له علماوو څخه اخستی وي “  ممبر ته د ملي لونګۍ او بربنډي توري سره پورته کيږي او وايي : اميران بايد په خپله خطبه ولولي تر څو د فرمان ورکولو قوت او قاطعيت پيدا کړي “  په هر راز بدلون او تجدد مين دی ، او په ټټر کښي يې يو سپين او له مسلمانۍ ډک زړه دربيږي . په خپلو خطبو کښي تل حاضرينو ته د يوموټي توب سپارښتنه کوي : “ لومړی سره يو شئ ! پس له دې چي کلي او ښارونه وحدت سره وکړي ، بيا وار لوی اتحاد ته رسيږي  اووايي چي په راتلونکي کي به په دې اړه ستاسو سره خبري وکړم” . د اسلام پخوانيو حکمدارانو ته په وار سره دعا کوي ، او په پای کښي په دې تضرع له منبره څخه راکښته کيږي : “ خدايا ! ددې عاجز د الله جل جلالهُ دلاري د مجاهد سره توفيق مل کړه “. پلوی ددې دی چي خطبه د خلکو په ژبه ولوستل شي . کله له ملايانو پوښتي چي : خطبه دچا لپاره ده ؟  که د وګړو لپاره ده ولي دهغوی په ژبه خطبه نه واياست ؟ . 
امير وايي : د يوه ملت ژوند غير له ازادۍ څخه ممکن نه دی ! له همدې کبله همدا چي دپاچاهۍ په تخت کښېناست . ښکېلاکګر انګرېز ته يې توره په لاس ، دجګړې اعلان ورکړ ، او ملت يې هم دغه ژوند بخښونکې او خوږه ميوه دهمدې باتور مشر له لاسه څکلې ده .
همدغه همت او وړتيا غازي امير امان الله خان له خپلو اسلافو څخه ممتاز کړی دی . جدي مشغولتياوي خوښوي  له مناقشې او مناظرې څخه منندوی کيږي . د نارينتوب خوی لري . د پاچاهۍ په ماڼۍ کښي تل نه کښيني . په خلاص او پراخ ماهول کي ګرځي او کار کوي . په يوازي توګه د خپل موټر سره بهر ، په چکر وزي . محمود خان طرزي د بهرنيو چارو پخوانی وزير چي ډير وخت يې په ترکيه کي تير کړی ، او اوس په پاريس کي د ( خپلواک ) افغانستان سفير دی . د امير خوسر دی  . که څه هم د امير په نيکونو کي د څو ښځو نکاح کول رواج ؤ . ليکن  ده په يوه ښځه کفايت کړی دی . د کور عصمت اوسعادت يې له لاسه نه دی ورکړی . د کنيزو او غلامانو ساتل يې منع کړي دي .زړه يې د ملت د زړه سره يو دی . د کابل او مزار شريف د ټيلفون په تړلو وايي : ( ما دا ارتباط ځکه جوړ کړ چي ملت مي خپل درد اوستونزي مخامخ ماته ووايي “ کله هم د څېرې په بدلولو بازار ته وزي  ، د خلکو سره اوږه په اوږه ټکري خوري او په زحمت ځان د ډوډۍ پخوونکي او قصاب هټۍ ته رسوي ، يوه ټوټه ډوډۍ او څه غوښه اخلي او شاهي کور ته راستنيږي .او په دې توګه په خپل پاک نفس ددغو څېزونو له بيي څخه ځان خبروي . د قبيلو او قومونو مشرانو ته کورونو ته ، ( چي ګيله کوي ، امير تل په کابل کي پاته کيږي او هيڅ زموږ احوال نه اخلي ) ، بېله مخکنۍ خبرتيا ورځي ، او دهغوی سره د امير غيبت کوي  ، او د وی ته وايي : راځۍ چي يو ځای ارګ ته د شکايت په رسم ورشو . دده هدف هم هغه قهريدلي کوهستانيان دي ، هغوی له ځان سره را اخلي اوشاهي کور ته ورسره راځي .  کوم وخت چي دغه قومي مشران ارګ ته په رارسيدو د پوځي ساتونکو او د پاچا د ياورانو د ډير درناوي سره مخامخ کيږي ، حيران پاتي کيږي ؟!. او بيا يې په مسئله سرونه خلاصيږي ، او بيا په همهغه ورځ دوی د امير مېلمانه کيږي .؟!.
د پسرلي په موسم کي کله چي واوري والوزي ، امير د بزګرۍ کالي اغوندي ، د زرهاوو افغانانو ومخته ، په مځکه باندي يوې کوي . او په دعا کښي د لوی خدای جل جلاله څخه د فيض او برکت غوښتنه کوي . اوپه دې ترتيب سره غرني افغانان چي په لوړو اورغو کښي ، په شپون توب اخته دي ، تشويقوي چي له جګو څخه راکښته شي اوپه کرنه بوخت شي . امير له خولۍ څخه نيولې تر بوټو پوري  کالي دوطن له ساخت څخه ځانته جوړوي  . کورنيو شيانو ته په تعصب سره رواج ورکوي . په کابل کي د نورو هيوادونو استازي اوسفيران ، که وطني اورلګيت ونه کاروي په استاذانه کترو تنقيديوي . ترکان د اسلام تير ګڼي . او حقيقت خوښوي . د افغانانو د زړه ورتيا او نارينتوب پر خوی باندي مين دی . نه يوازي ددوی په خاندان کښي بلکي په کابل کښي داسي بل څوک نشته  چي دغازي غوندي ترکي ژبه يې زده وي .
سره له دې چي د افغانانوملي رنګ تور اوسپين دی . امير سور رنګ ډير خوښوي . د پاچاهۍ بيرغ يې هم چي د ارګ پر ماڼۍ باندي رپيږي . سور رنګ لري . سره له دې جدي او ميړنی کرکټر لري . لطيف مزاج دی . زما په ياد دي ، په پغمان کښي  د خپلواکۍ په جشن کي ، خپل يو تصوير ته چي دده د جثې په اندازه په غوړ رنګ رسامي شوی او دنندارې لپاره درول شوی و ، پام واوښت  ويې خندل اوسلامي يې ورته ووهله . بله ورځ يې د يوه څو کسانو سره يادګار ي انځور اخيسته  ، هر څوک اخته و اوخپله قيافه يې جوړوله ، محمود بېک طرزي خپل حضور ته عرض وکړ : برېتونه مو سم کړئ ! اعليحضرت په جواب کښي ورته وفرمايل :  هو ، دا يو څه دي چي انشاالله په جنګ کښي به اصلاح شي . “  يوه ورځ يې د پوځي خولۍ په مناقشه او مناظره کښي  د آس د کمچينې د نوکې په واسطه په خاورينه مځکه يوه کرښه رسم کړه او بله کرښه يې په خپله ګوته تصحيح کړه ، او لازمه يې ونه ګڼله چي خپله ګوته له خاورو څخه پاکه کړي . 
نوموړی ملنګ نه دی . بلکي يو حکمتداره فليسوف دی . چي له خپلي خاوري عار نه لري ، هغه خپل شرف اوعزت ګڼي  او له ګوتي سره يې پورته کوي . امير ارزو لري چي د کابل جنوب لويديځ خواته چي تقريبآ ١٣ کيلومتره له ارګ څخه واټن لري .يو نوی ښار چي په ټولو روغتيايي او مدني اړتياوو مجهز وي، د ( بلده امانيه ) په نوم اباد کړي  ، او د لومړي ځل دپاره کاغذي پيسې چاپ ته ورکوي . اعليحضرت په ټولو خبرو اترو کښي چي د راتلونکي کال بوديجه په کښي تصويب کيږي ، بالذات رياست کوي . او په اوسني عصر کښي لومړی ځل دی چي هغه د بوديجې په سم تنظيم بريالی شوی دی . 
افغانان چي اوږده موده د خپل ژوند يې ، په خواريو او د روزګار په محروميتونو کښي تيره کړې ، انشاالله چي ددې ځوان پاچا په مرشدانه لارښوونه به په نژدې راتلونکې کښي ، دنړۍ دنورو بسياوو ملکونو په کتار کښي ، خپل مناسب ځای ونيسي . زموږ افغان وروڼه او خويندي  دداسي يو متجدده ، ترقي پالونکي او د عاليه شخصيت درلودونکي ټولواک په مشرتوب ، حقيقتآ مسعود اونېکبخته دي .  
 
 
د ژباړونکي تبصره : 
شايد کوم ښاغلي لوستونکي ته داسي تحليل په ذهن کښي ورتېر شي ، چي دا ليکنه خو يو اړخيزه بڼه لري ! . 
 هو ، اعليحضرت امان الله خان انسان و ، او انسان جايز الخطا دی ! . سره له خپلو نېمګړتياوو د لوی خالق داسي خوښه وه چي د افغانستان دازادۍ د ګټلو لپاره دي د مشرتوب لوړ مقام اووياړ ، د غازي امان الله خان په برخه وي .
ايا ده د استقلال لپاره ځان اوکورنۍ قرباني او برباد نه کړل .؟ دی زموږ د هيواد د غازيانو او شهيدانو ( جوهر ) دی . دهغه نيت د ملت په حق کښي ناپاک نه و ، له ده سره هغو کسانو خيانت وکړ ، چي غازي ته  واقيعآ د باور وړ کسان وو .... ؟ ! 
ګرانه لوستونکيه  ! 
په يوه لنډه خبره کښي ، که خپلواک پاچا اعليحضرت امان الله خان د ژوند تر پايه د افغانستان ټولواک ، او غورځنګ يې تر اوسه پوري د هيواد ، سياسي واکمن پاتي شوی وای ، نو زه او ته به نن داسي در په در ، بېوطنه ، محتاج اولالهانده په نړۍ کښي نه ګرځيدلای ! 
په درنښت : اياز نوري  ( خوست  وال )
  ",د غازي امان الله خان صورت او سيرت >>>
93,,"
",
94,دبېنواويبپاڼي اداره,"
Copyright © ‌Benawa.com 2004-2006 All rights reserved
د بېنوا ويبپاڼي د كاپي كولو حق محفوظ دى، هيڅ يوه خبري رسنۍ حق نه لري چي د ويبپاڼي له اجازې پرته كوم خبر يا مقاله كاپي كړي . 
بېنوا ويبپاڼه په هيواد كي دننه او بهر ټولو هغو چاپي، برېښنايي، راډيويي او ټلوېزوني رسنيو ته په ډېر درنښت خبر وركوي چي له دې ويبپاڼي څخه دخبرونو اونورو موادو اخيستلو پر مهال دبېنوا ويبپاڼي ( Benawa.com)  يادونه وكړي . 
بېله دې د ويبپاڼي اداره حق لري چي د نړيوال مطبوعاتي قانون پر بنسټ له اړوندي خپروني څخه دخپل حق غوښتنه وكړي .
 
په درناوي         ",رسنيو ته د بېنواويبپاڼي خبرتيا !
95,,"
د کندهار په ښار کښي په يوي بمي چاودنه کښي د يو تن د وژل کيدو او څلورو نورو د ټپي کيدلو خبر ورکړل شوي دي. طالبانو د بريدپړه په غاړه اخيستي او واي چي هدف يي  د ملګرو ملتونويو موټر وو.  دغه چاودنه نن د کندهار ښار  ختيځ لوري ته  دخوجک بابا په سيمه کښي د ځايي وخت سره سم په دري بجي رامنځ ته شوه. چاودنه په يو جيپ کښي ، چي روسي ډوله وو، د ځاي په ځاي شوو چاوديدونکو موادو له امله وشوه. دا چاودنه په داسي حال کي وشوه چي پرون دې ښار ته د افغان ملت ګوند مشر ښاغلی ډاکټر انوارالحق احدي هلته و ، او په سلګونو تنه دنوموړي ګوند غړي او سپين ږيري يې غونډي ته ورغلي وه . دا چي د نن بمي پېښه به له پرونۍ غونډي سره تړاو لري که نه ، لا مالومه نه ده .
 
 
 
 
 
 
 
  ",په کندهار کښي بمي چاودنه وشوه 
96,خپرنيزه څانګه,"


ګزارشګر : حکمت الله څرك  / کندهار
 
 
په كندهار كي د افغان ملت ګوند له خوا
د كرزي د كانديداتورۍ  ملاتړ غونډه جوړه شوه
 
 
 
 
د روان كال د وږى پر ١٢ مه د  افغان ملت ګوند له خوا د حامد كرزى د كانديداتورۍ د ملاتړ غونډه  د نوموړى ګوند د مشر پروفيسر ډاکتر انورالحق احدي په مشرۍ او د سل ګونو ګوندي غړو، سپين ږيرو او ازادو خلګو په ګډون د كندهار ښار په خوشبخت سالون كي جوړه شوه.
 
دا غونډه تر غرمي وروسته پر٣ بجې  د قران شريف د څو سپيڅلو اياتونو په تلاوت سره پيل شوه په پيل كي په كندهار كي د ګوند د ولايتي شورا غړى او د كندهار د ګمرك رئيس حاجي عزيزالله اسحاقي د پيل وينا وكړه، په هيواد كي پر شته ستونزو، د هغو پر لاملونو او د اواري پر لارو چارو يې وږغيد.
 
ورپسي د نوموړى ګوند مشر ښاغلى ډاكتر احدي د تودو چكچكو په بدرګه د دريځ مخي ته وبلل شو ښاغلى احدي په پيل كي وويل:
 
زه ستاسو د تاوده هركلي او احساساتو څرګندولو لپاره د مننى ټكى نه لرم خو بس وايم چي تشكر،نوموړی  لومړى د ملتونو د سياسى تكامل پر بهير وږغيد او ويې وويل:
 
ملتونه د خپل سياسي تكامل په ترڅ كي له درو مرحلو څخه تيريږى چي لومړۍ يې د دولت جوړولو دويمه د ملت جوړولو او دريمه يې هم د ديموكراسۍ مرحله ده، ده د همدغو درو پړاوونو په اړه اوږدې خبري وكړى، بيا د افغان ملت ګوند پر تاريخ او ارزښت وږغيده او په پاي كي يې د خپل ګوند له خوا د ښاغلى كرزى د كانديداتورۍ د ملاتړ اعلان وكړ.
 
ده د خپلو خبرو په ترڅ كي د كرزى د حكومت مثبتو او منفي اړخونو ته اشاره وكړه او مثبت اړخونه يې فوق العاده ځواكمن وبلل، ده همدارنګه د كرزي حكومت په افغانستان كي يو انقلاب وباله او د دې انقلاب د تكميل لپاره يې د كرزى بيا ټاكنه اړينه وبلله، ده وويل:
 
زه ډير ګمان كوم چي كرزى صاحب وړونكى دى، خو ښه خبره به دا وي چي موږ دي په ښه لوره اكثريت سره بريالي كړو، په لوى اكثريت د برياليتوب ګټه دا ده چي دي بيا كولاى شي چي پخپله اداره كي لوى تصميمونه ونيسى، ده همدارنګه د نورو ګوندونو په اړه پرته له دې چي نوم يې ياد كړي نظر وښود او ويې وويل:
 
موږ كوښښ كوو چي د ګوندو تعداد لږ شى او درو څلورو ته را ورسيږي او نورګوندونه چي دي ماته يې هيڅ واضحه تګلاره او پلان نه مالوميږى.
 
په ده پسي قومي مشر او د كرنى پخواني وزير عزيز الله ( واصفي ) په كندهار  كي د نوموړي ګوند د ښځو د جرګي مشرې عاليې، په زابل كي د ګوند ولايتى جرګي منشى سيدا جان ( غمخور) ،په هلمند كي د ولايتي جرګي په استازيتوب امان الله ( سعادت )، د كندهار پوهنتون رئيس حيات الله ( رفيقي ) او يو سپين ږيري سيد ظاهر اغا ويناوى واورولې، د غونډي په وروستيو كي ځينو مشرانو او تجارانو ښاغلى احدي صاحب ته پګړۍ ور پر سر كړه او نوري ډالۍ يې ورته وړاندى كړې، غونډه د ماځيګر په پنځه نيمو بجو د دعا په ويلو سره پاى ته ورسيده.
 










  ",ډاکتر انوارلحق احدي او د کندهار غونډه 
97,,"
",
98,,"
د نړيوال اعتلافي ځواکونو يوه وياند د شنبې په ورځ وويل ، دوی به دافغانستان او پاکستان په پوله کي  د سرحدي ځواکونو سره مرسته وکړي تر څو د طالبانو د ازادانه تګ راتګ مخه ونيسي . د اعتلاف ځواکونو دا خبر په داسي حال کي ورکړی چي د ناټو په مشرۍ  نړيوال سوله ساتي ځواکونه د ولسمشرۍ لپاره د ټولټاکنو تر مخه د پرله پسې بريدونو خبرداری ورکوي . پاکستاني پوليسو ژمنه کړيده چي هغوی به د افغاني پولي د امنيت په ساتلو کښي د افغاني لوري سره مرسته وکړي تر څو د طالبانو د تګ راتګ مخه ونيسي .  ",نړيوال اعتلافي ځواکونه او د پاکستان سرحدي سيمو امنيت 
99,,"
ازادي : ټاکل شوي ده چي د ټولټاکنو لپاره د نوم ليکني بهير به په پاکستان کي د ميزان د لومړۍ نيټې څخه پيل شي او دري ورځي به دوام وکړي ، يو شمير افغان کډوال دا موده لنډه بولي او وايي چي ښايي ډيری افغانان په دې موده کښي د رايي کارتونه تر لاسه نه کړای شي . په پېښور کي افغان کډوالو د نوم ليکني پروسه پې ډيره زياته ځنډولې ده .همدا ډول په پېښور کي د کډوالو د ادارو پر کارکوونکو تورونه لګيدلې دي چي د نوم ليکني لپاره د کارکوونکو د ټاکلو په برخه کي رشوت اخلي . په پاکستان د نوم ليکني دچارو واک اې او ايم او بي پي ايل ته ورسپارل شوي ده . پېښور کي ځينو افغان کډوالو وويل چي په داسي تنګ وخت کي به ناممکنه وي چي ټول افغانان د نوم ليکني لپاره نومونه راجستر کړي . ",په پېښور کي مېشت کډوال او د نوم ليکني پر بهير نيوکي
